bronx_pace_bkt,pace_diff_bkt,runners,bronx_pace_bkt_1,p10,p50,p90
11:00,-190,15,11:00,-190,-100,-10
08:40,-90,92,08:40,-160,-80,-20
11:30,-110,21,11:30,-190,-100,-10
08:40,-120,59,08:40,-160,-80,-20
14:30,-120,5,14:30,-186,-90,30
10:40,-130,25,10:40,-180,-100,-24
12:00,-140,18,12:00,-204,-100,10
14:20,-20,1,14:20,-179,-90,30
09:10,-30,39,09:10,-180,-90,-20
08:40,-40,72,08:40,-160,-80,-20
10:40,-110,42,10:40,-180,-100,-24
13:10,-110,8,13:10,-180,-90,-20
06:30,-20,17,06:30,-110,-50,-20
09:40,-110,46,09:40,-170,-90,-20
11:20,-30,12,11:20,-180,-100,0
09:40,-70,72,09:40,-170,-90,-20
08:20,-210,18,08:20,-165,-80,-20
08:30,-140,39,08:30,-160,-80,-20
06:20,-20,27,06:20,-90,-40,-20
07:30,-100,27,07:30,-140,-70,-20
10:00,-50,56,10:00,-170,-90,-10
11:20,-130,32,11:20,-180,-100,0
09:00,20,6,09:00,-161,-80,-20
09:00,-10,26,09:00,-161,-80,-20
08:50,-100,77,08:50,-160,-80,-20
09:20,-20,29,09:20,-180,-90,-20
08:20,-70,94,08:20,-165,-80,-20
12:30,120,1,12:30,-180,-90,20
09:30,-100,62,09:30,-180,-80,-20
09:50,-140,35,09:50,-180,-80,-20
11:40,-60,20,11:40,-190,-100,-10
08:20,-160,20,08:20,-165,-80,-20
08:30,-80,91,08:30,-160,-80,-20
07:50,-110,39,07:50,-150,-70,-20
08:40,-70,85,08:40,-160,-80,-20
08:00,-40,89,08:00,-160,-70,-20
09:20,-30,42,09:20,-180,-90,-20
13:30,-10,4,13:30,-176,-90,40
07:50,-70,84,07:50,-150,-70,-20
08:20,-40,100,08:20,-165,-80,-20
09:40,-40,48,09:40,-170,-90,-20
09:10,-90,66,09:10,-180,-90,-20
08:00,-160,21,08:00,-160,-70,-20
10:20,-90,38,10:20,-180,-90,-10
11:20,120,2,11:20,-180,-100,0
09:20,-40,58,09:20,-180,-90,-20
11:20,-60,22,11:20,-180,-100,0
10:00,-70,56,10:00,-170,-90,-10
08:20,-230,5,08:20,-165,-80,-20
11:10,-40,26,11:10,-190,-100,-10
08:40,-110,59,08:40,-160,-80,-20
11:40,-200,9,11:40,-190,-100,-10
08:30,-210,13,08:30,-160,-80,-20
11:00,-50,20,11:00,-190,-100,-10
09:10,-130,51,09:10,-180,-90,-20
09:50,-160,26,09:50,-180,-80,-20
09:10,-110,62,09:10,-180,-90,-20
11:10,-140,26,11:10,-190,-100,-10
08:20,-100,76,08:20,-165,-80,-20
11:50,-80,26,11:50,-180,-95,0
09:50,10,10,09:50,-180,-80,-20
07:40,-90,63,07:40,-140,-70,-20
09:50,-290,2,09:50,-180,-80,-20
07:50,-410,1,07:50,-150,-70,-20
08:10,-60,70,08:10,-150,-80,-20
07:30,-40,78,07:30,-140,-70,-20
07:50,-80,59,07:50,-150,-70,-20
10:30,-130,32,10:30,-181,-90,-10
12:20,-60,10,12:20,-200,-100,-10
08:40,70,3,08:40,-160,-80,-20
08:00,-100,48,08:00,-160,-70,-20
08:50,-130,53,08:50,-160,-80,-20
11:00,-80,38,11:00,-190,-100,-10
13:00,120,1,13:00,-178,-90,28
08:00,-60,92,08:00,-160,-70,-20
09:10,-140,51,09:10,-180,-90,-20
09:50,50,5,09:50,-180,-80,-20
08:10,-130,39,08:10,-150,-80,-20
10:30,-120,33,10:30,-181,-90,-10
14:10,-80,4,14:10,-217,-100,-1
12:20,-200,4,12:20,-200,-100,-10
09:50,-150,40,09:50,-180,-80,-20
06:50,-40,47,06:50,-120,-60,-20
08:40,-100,61,08:40,-160,-80,-20
10:00,-150,25,10:00,-170,-90,-10
12:10,-50,9,12:10,-190,-100,-10
10:30,-70,34,10:30,-181,-90,-10
11:50,-150,14,11:50,-180,-95,0
07:40,-110,38,07:40,-140,-70,-20
12:20,-110,11,12:20,-200,-100,-10
08:20,-80,82,08:20,-165,-80,-20
10:30,-50,39,10:30,-181,-90,-10
09:40,-130,42,09:40,-170,-90,-20
08:20,-60,91,08:20,-165,-80,-20
11:50,-100,22,11:50,-180,-95,0
09:10,0,13,09:10,-180,-90,-20
08:00,-50,110,08:00,-160,-70,-20
09:00,0,31,09:00,-161,-80,-20
07:20,-30,54,07:20,-140,-60,-20
07:50,-50,97,07:50,-150,-70,-20
10:50,-70,29,10:50,-180,-90,-10
07:30,-130,20,07:30,-140,-70,-20
09:10,-60,57,09:10,-180,-90,-20
10:10,-270,3,10:10,-180,-90,-20
08:30,-90,76,08:30,-160,-80,-20
08:00,-80,64,08:00,-160,-70,-20
07:20,-220,2,07:20,-140,-60,-20
10:50,-140,18,10:50,-180,-90,-10
09:10,-80,70,09:10,-180,-90,-20
10:20,-130,30,10:20,-180,-90,-10
09:40,-300,3,09:40,-170,-90,-20
07:20,-50,75,07:20,-140,-60,-20
13:00,-110,6,13:00,-178,-90,28
10:40,-80,44,10:40,-180,-100,-24
10:40,-50,36,10:40,-180,-100,-24
08:30,-30,52,08:30,-160,-80,-20
12:50,-60,6,12:50,-200,-100,20
09:50,-70,73,09:50,-180,-80,-20
09:30,-140,31,09:30,-180,-80,-20
11:40,-40,15,11:40,-190,-100,-10
07:50,-10,34,07:50,-150,-70,-20
09:30,-150,24,09:30,-180,-80,-20
12:10,-100,18,12:10,-190,-100,-10
15:10,-140,3,15:10,-158,-80,-4
10:50,-200,11,10:50,-180,-90,-10
13:30,-50,8,13:30,-176,-90,40
09:40,-50,58,09:40,-170,-90,-20
09:50,-50,52,09:50,-180,-80,-20
10:50,-100,37,10:50,-180,-90,-10
08:30,-20,57,08:30,-160,-80,-20
07:20,-80,56,07:20,-140,-60,-20
07:40,-120,38,07:40,-140,-70,-20
11:10,40,4,11:10,-190,-100,-10
10:00,-200,13,10:00,-170,-90,-10
09:30,10,10,09:30,-180,-80,-20
11:50,-140,14,11:50,-180,-95,0
09:50,-90,51,09:50,-180,-80,-20
07:40,-60,123,07:40,-140,-70,-20
11:00,-100,37,11:00,-190,-100,-10
07:00,-80,43,07:00,-130,-60,-20
08:10,-50,96,08:10,-150,-80,-20
08:10,-110,55,08:10,-150,-80,-20
11:20,-100,28,11:20,-180,-100,0
11:40,-100,36,11:40,-190,-100,-10
11:30,20,1,11:30,-190,-100,-10
07:00,-160,8,07:00,-130,-60,-20
08:50,-160,26,08:50,-160,-80,-20
07:30,-20,44,07:30,-140,-70,-20
13:10,-20,9,13:10,-180,-90,-20
09:50,-60,64,09:50,-180,-80,-20
09:20,80,3,09:20,-180,-90,-20
07:10,-190,2,07:10,-130,-60,-30
08:20,-50,82,08:20,-165,-80,-20
11:40,0,4,11:40,-190,-100,-10
07:10,-30,46,07:10,-130,-60,-30
10:20,-50,54,10:20,-180,-90,-10
13:00,-30,8,13:00,-178,-90,28
09:40,-20,36,09:40,-170,-90,-20
08:50,-50,63,08:50,-160,-80,-20
10:00,-110,42,10:00,-170,-90,-10
13:00,-90,12,13:00,-178,-90,28
09:20,-140,40,09:20,-180,-90,-20
10:10,-170,15,10:10,-180,-90,-20
10:00,-90,47,10:00,-170,-90,-10
06:20,-40,39,06:20,-90,-40,-20
09:50,-250,3,09:50,-180,-80,-20
11:10,-150,10,11:10,-190,-100,-10
10:50,-120,28,10:50,-180,-90,-10
07:30,20,4,07:30,-140,-70,-20
10:10,20,11,10:10,-180,-90,-20
08:30,-170,13,08:30,-160,-80,-20
08:00,-20,52,08:00,-160,-70,-20
06:30,-50,32,06:30,-110,-50,-20
09:20,-50,58,09:20,-180,-90,-20
11:10,-90,26,11:10,-190,-100,-10
11:00,-140,24,11:00,-190,-100,-10
11:20,-10,4,11:20,-180,-100,0
11:40,-170,11,11:40,-190,-100,-10
10:30,-110,42,10:30,-181,-90,-10
08:10,-120,50,08:10,-150,-80,-20
09:20,120,2,09:20,-180,-90,-20
09:30,-120,38,09:30,-180,-80,-20
08:40,-80,80,08:40,-160,-80,-20
09:10,-170,15,09:10,-180,-90,-20
08:00,-200,7,08:00,-160,-70,-20
08:20,-20,61,08:20,-165,-80,-20
12:50,0,5,12:50,-200,-100,20
07:20,-70,55,07:20,-140,-60,-20
11:00,-30,16,11:00,-190,-100,-10
08:10,-100,56,08:10,-150,-80,-20
09:10,10,10,09:10,-180,-90,-20
08:10,-10,29,08:10,-150,-80,-20
10:40,-120,31,10:40,-180,-100,-24
06:40,0,5,06:40,-100,-50,-20
10:00,-10,19,10:00,-170,-90,-10
10:50,-50,36,10:50,-180,-90,-10
08:00,-130,43,08:00,-160,-70,-20
12:40,-20,4,12:40,-180,-80,42
09:10,-100,62,09:10,-180,-90,-20
09:30,-190,22,09:30,-180,-80,-20
08:20,-110,62,08:20,-165,-80,-20
07:20,-100,32,07:20,-140,-60,-20
12:30,-150,5,12:30,-180,-90,20
06:30,-10,16,06:30,-110,-50,-20
06:00,-30,28,06:00,-80,-40,-20
12:30,-130,9,12:30,-180,-90,20
07:00,-140,10,07:00,-130,-60,-20
07:10,-120,10,07:10,-130,-60,-30
10:30,-80,45,10:30,-181,-90,-10
10:10,-20,19,10:10,-180,-90,-20
11:30,-130,19,11:30,-190,-100,-10
09:30,-80,75,09:30,-180,-80,-20
13:40,-70,2,13:40,-199,-80,107
12:00,-40,12,12:00,-204,-100,10
12:00,-20,8,12:00,-204,-100,10
10:40,-100,38,10:40,-180,-100,-24
11:20,-40,17,11:20,-180,-100,0
12:30,-80,16,12:30,-180,-90,20
11:30,-60,18,11:30,-190,-100,-10
11:10,-20,11,11:10,-190,-100,-10
11:30,-70,25,11:30,-190,-100,-10
06:30,-40,31,06:30,-110,-50,-20
08:40,-170,23,08:40,-160,-80,-20
09:00,-30,42,09:00,-161,-80,-20
11:00,-20,20,11:00,-190,-100,-10
08:50,-60,69,08:50,-160,-80,-20
08:20,20,6,08:20,-165,-80,-20
12:20,0,5,12:20,-200,-100,-10
06:40,-70,26,06:40,-100,-50,-20
07:00,-20,30,07:00,-130,-60,-20
10:20,-160,21,10:20,-180,-90,-10
10:00,-120,37,10:00,-170,-90,-10
07:40,-30,55,07:40,-140,-70,-20
12:50,-400,1,12:50,-200,-100,20
06:20,-50,21,06:20,-90,-40,-20
10:40,-20,15,10:40,-180,-100,-24
10:30,40,7,10:30,-181,-90,-10
09:30,-130,45,09:30,-180,-80,-20
08:40,-50,76,08:40,-160,-80,-20
11:30,-230,6,11:30,-190,-100,-10
09:20,0,14,09:20,-180,-90,-20
09:00,-70,87,09:00,-161,-80,-20
11:30,-90,19,11:30,-190,-100,-10
07:30,-160,10,07:30,-140,-70,-20
08:50,-80,104,08:50,-160,-80,-20
14:20,80,1,14:20,-179,-90,30
07:10,-80,43,07:10,-130,-60,-30
10:20,-140,32,10:20,-180,-90,-10
10:00,-60,47,10:00,-170,-90,-10
09:00,-50,87,09:00,-161,-80,-20
11:40,-70,18,11:40,-190,-100,-10
05:30,-110,1,05:30,-58,-30,-10
05:30,-20,7,05:30,-58,-30,-10
11:20,-140,14,11:20,-180,-100,0
05:50,-90,2,05:50,-72,-30,-18
09:00,-110,52,09:00,-161,-80,-20
11:20,-80,20,11:20,-180,-100,0
13:10,120,2,13:10,-180,-90,-20
09:00,-100,52,09:00,-161,-80,-20
09:30,-40,59,09:30,-180,-80,-20
12:10,70,3,12:10,-190,-100,-10
09:40,-230,8,09:40,-170,-90,-20
11:00,-210,15,11:00,-190,-100,-10
07:50,-170,16,07:50,-150,-70,-20
10:20,-80,41,10:20,-180,-90,-10
09:40,-140,34,09:40,-170,-90,-20
10:40,-160,26,10:40,-180,-100,-24
09:20,-70,74,09:20,-180,-90,-20
07:30,-210,4,07:30,-140,-70,-20
08:50,-120,65,08:50,-160,-80,-20
07:30,-260,2,07:30,-140,-70,-20
10:10,-160,22,10:10,-180,-90,-20
13:10,-30,7,13:10,-180,-90,-20
17:00,-150,1,17:00,-108,-20,360
07:20,-90,52,07:20,-140,-60,-20
07:10,-210,2,07:10,-130,-60,-30
15:40,-120,1,15:40,-188,-105,9
09:10,20,11,09:10,-180,-90,-20
09:10,-10,28,09:10,-180,-90,-20
11:40,150,2,11:40,-190,-100,-10
07:30,-190,7,07:30,-140,-70,-20
10:00,-80,59,10:00,-170,-90,-10
08:00,0,15,08:00,-160,-70,-20
08:50,-300,1,08:50,-160,-80,-20
09:20,-340,3,09:20,-180,-90,-20
05:20,-30,4,05:20,-100,-30,-20
06:50,-10,20,06:50,-120,-60,-20
09:40,-60,43,09:40,-170,-90,-20
10:00,-20,25,10:00,-170,-90,-10
08:40,-260,1,08:40,-160,-80,-20
13:00,-130,7,13:00,-178,-90,28
08:30,-290,1,08:30,-160,-80,-20
09:20,-60,61,09:20,-180,-90,-20
10:40,-190,11,10:40,-180,-100,-24
12:10,-110,17,12:10,-190,-100,-10
15:40,-100,2,15:40,-188,-105,9
11:00,-120,32,11:00,-190,-100,-10
11:50,0,4,11:50,-180,-95,0
10:40,-170,6,10:40,-180,-100,-24
08:50,-140,40,08:50,-160,-80,-20
09:10,-180,18,09:10,-180,-90,-20
08:50,20,10,08:50,-160,-80,-20
12:10,-30,8,12:10,-190,-100,-10
11:10,-30,7,11:10,-190,-100,-10
10:20,-10,25,10:20,-180,-90,-10
10:00,-30,29,10:00,-170,-90,-10
10:00,-190,8,10:00,-170,-90,-10
09:50,-170,23,09:50,-180,-80,-20
11:00,-130,25,11:00,-190,-100,-10
11:20,40,4,11:20,-180,-100,0
09:10,-120,39,09:10,-180,-90,-20
14:50,40,1,14:50,-136,-60,82
10:00,-130,45,10:00,-170,-90,-10
09:50,-120,45,09:50,-180,-80,-20
10:20,-260,6,10:20,-180,-90,-10
10:10,-100,35,10:10,-180,-90,-20
07:20,-60,76,07:20,-140,-60,-20
15:20,-110,2,15:20,-138,-90,14
07:40,-150,17,07:40,-140,-70,-20
12:10,-60,14,12:10,-190,-100,-10
06:40,-40,50,06:40,-100,-50,-20
07:20,20,1,07:20,-140,-60,-20
07:00,-270,1,07:00,-130,-60,-20
06:50,-90,22,06:50,-120,-60,-20
10:20,-190,10,10:20,-180,-90,-10
16:40,-190,1,16:40,-184,-100,105
06:20,-90,8,06:20,-90,-40,-20
10:20,-150,22,10:20,-180,-90,-10
09:50,-30,38,09:50,-180,-80,-20
12:00,-30,6,12:00,-204,-100,10
14:10,-160,3,14:10,-217,-100,-1
07:40,-20,52,07:40,-140,-70,-20
10:30,-90,32,10:30,-181,-90,-10
10:20,-40,32,10:20,-180,-90,-10
10:30,-160,14,10:30,-181,-90,-10
08:00,-140,20,08:00,-160,-70,-20
13:00,230,1,13:00,-178,-90,28
12:10,80,2,12:10,-190,-100,-10
07:10,-440,1,07:10,-130,-60,-30
13:30,-160,1,13:30,-176,-90,40
10:40,-60,37,10:40,-180,-100,-24
11:30,-10,7,11:30,-190,-100,-10
09:20,20,8,09:20,-180,-90,-20
09:50,-210,17,09:50,-180,-80,-20
09:10,-160,28,09:10,-180,-90,-20
08:20,-180,18,08:20,-165,-80,-20
06:50,-30,56,06:50,-120,-60,-20
07:10,-240,3,07:10,-130,-60,-30
07:50,-290,4,07:50,-150,-70,-20
10:30,-20,22,10:30,-181,-90,-10
12:00,0,7,12:00,-204,-100,10
12:30,-60,13,12:30,-180,-90,20
09:00,-160,23,09:00,-161,-80,-20
10:50,-190,9,10:50,-180,-90,-10
09:40,-10,30,09:40,-170,-90,-20
06:10,-20,20,06:10,-90,-40,-20
07:50,-140,20,07:50,-150,-70,-20
13:10,-100,5,13:10,-180,-90,-20
10:10,-210,7,10:10,-180,-90,-20
14:20,-170,1,14:20,-179,-90,30
10:50,-170,17,10:50,-180,-90,-10
06:30,-170,1,06:30,-110,-50,-20
13:40,-50,4,13:40,-199,-80,107
12:50,-110,15,12:50,-200,-100,20
13:40,-120,4,13:40,-199,-80,107
11:10,-130,30,11:10,-190,-100,-10
09:00,-130,40,09:00,-161,-80,-20
10:50,40,11,10:50,-180,-90,-10
08:20,-10,24,08:20,-165,-80,-20
06:20,-150,3,06:20,-90,-40,-20
05:50,-80,2,05:50,-72,-30,-18
14:00,-130,5,14:00,-210,-105,20
11:50,-90,13,11:50,-180,-95,0
11:20,-230,7,11:20,-180,-100,0
11:40,30,8,11:40,-190,-100,-10
14:40,-210,1,14:40,-210,-50,70
10:10,-180,14,10:10,-180,-90,-20
12:50,-170,2,12:50,-200,-100,20
12:40,-180,3,12:40,-180,-80,42
08:30,-200,2,08:30,-160,-80,-20
11:30,-80,27,11:30,-190,-100,-10
11:50,-210,4,11:50,-180,-95,0
10:50,-130,28,10:50,-180,-90,-10
10:00,60,4,10:00,-170,-90,-10
09:00,-190,17,09:00,-161,-80,-20
07:20,-130,16,07:20,-140,-60,-20
10:50,-60,43,10:50,-180,-90,-10
08:40,-180,16,08:40,-160,-80,-20
08:20,30,7,08:20,-165,-80,-20
11:30,-140,17,11:30,-190,-100,-10
11:10,-10,18,11:10,-190,-100,-10
06:30,0,7,06:30,-110,-50,-20
06:50,-80,39,06:50,-120,-60,-20
06:40,-50,44,06:40,-100,-50,-20
10:50,-20,18,10:50,-180,-90,-10
11:30,-40,11,11:30,-190,-100,-10
09:50,-260,3,09:50,-180,-80,-20
07:20,-40,61,07:20,-140,-60,-20
13:30,-110,3,13:30,-176,-90,40
10:20,20,12,10:20,-180,-90,-10
07:50,10,5,07:50,-150,-70,-20
09:50,-10,13,09:50,-180,-80,-20
08:30,-330,2,08:30,-160,-80,-20
10:00,-220,7,10:00,-170,-90,-10
15:00,-110,1,15:00,-130,-55,77
11:30,-120,27,11:30,-190,-100,-10
09:30,-420,1,09:30,-180,-80,-20
07:10,-90,29,07:10,-130,-60,-30
06:50,-550,1,06:50,-120,-60,-20
10:00,-210,8,10:00,-170,-90,-10
06:40,-100,10,06:40,-100,-50,-20
07:50,-130,19,07:50,-150,-70,-20
06:50,-50,46,06:50,-120,-60,-20
11:20,-90,20,11:20,-180,-100,0
05:50,-40,5,05:50,-72,-30,-18
11:10,-100,25,11:10,-190,-100,-10
09:10,70,3,09:10,-180,-90,-20
14:40,180,1,14:40,-210,-50,70
11:30,-170,7,11:30,-190,-100,-10
09:40,-350,2,09:40,-170,-90,-20
12:40,-110,6,12:40,-180,-80,42
09:30,0,16,09:30,-180,-80,-20
07:10,-100,30,07:10,-130,-60,-30
11:10,50,1,11:10,-190,-100,-10
10:10,-30,26,10:10,-180,-90,-20
12:40,40,2,12:40,-180,-80,42
09:10,-230,9,09:10,-180,-90,-20
10:50,-30,29,10:50,-180,-90,-10
06:30,-90,9,06:30,-110,-50,-20
10:20,-170,27,10:20,-180,-90,-10
06:10,-70,9,06:10,-90,-40,-20
10:30,-140,22,10:30,-181,-90,-10
10:10,10,8,10:10,-180,-90,-20
12:00,50,4,12:00,-204,-100,10
13:40,-280,1,13:40,-199,-80,107
12:40,220,1,12:40,-180,-80,42
11:10,-50,17,11:10,-190,-100,-10
11:40,-250,5,11:40,-190,-100,-10
13:10,-130,7,13:10,-180,-90,-20
12:20,-460,1,12:20,-200,-100,-10
09:00,-140,30,09:00,-161,-80,-20
07:50,-180,7,07:50,-150,-70,-20
11:20,-210,4,11:20,-180,-100,0
12:30,50,2,12:30,-180,-90,20
11:50,-70,17,11:50,-180,-95,0
13:40,-20,2,13:40,-199,-80,107
14:10,-170,2,14:10,-217,-100,-1
09:20,90,2,09:20,-180,-90,-20
10:00,50,4,10:00,-170,-90,-10
14:50,-140,1,14:50,-136,-60,82
08:20,-270,3,08:20,-165,-80,-20
10:30,-10,16,10:30,-181,-90,-10
18:40,-30,1,18:40,-25,-5,15
08:00,-240,5,08:00,-160,-70,-20
11:50,-110,20,11:50,-180,-95,0
14:00,-170,4,14:00,-210,-105,20
10:30,-180,13,10:30,-181,-90,-10
12:50,-200,5,12:50,-200,-100,20
13:20,-20,8,13:20,-170,-70,78
14:00,0,2,14:00,-210,-105,20
11:10,-270,3,11:10,-190,-100,-10
09:50,20,10,09:50,-180,-80,-20
08:40,-230,11,08:40,-160,-80,-20
09:10,-250,4,09:10,-180,-90,-20
08:00,-280,3,08:00,-160,-70,-20
11:20,-170,11,11:20,-180,-100,0
05:50,-60,5,05:50,-72,-30,-18
13:10,-50,8,13:10,-180,-90,-20
11:50,-50,18,11:50,-180,-95,0
07:00,-30,38,07:00,-130,-60,-20
05:10,-10,3,05:10,-30,-10,-10
05:20,-20,4,05:20,-100,-30,-20
13:20,-120,7,13:20,-170,-70,78
09:10,-240,4,09:10,-180,-90,-20
13:00,-80,7,13:00,-178,-90,28
07:30,-270,5,07:30,-140,-70,-20
10:00,-260,7,10:00,-170,-90,-10
06:40,-230,1,06:40,-100,-50,-20
15:50,30,1,15:50,-170,60,278
10:50,-160,18,10:50,-180,-90,-10
12:00,-180,9,12:00,-204,-100,10
11:50,-160,5,11:50,-180,-95,0
07:00,90,1,07:00,-130,-60,-20
07:30,-290,1,07:30,-140,-70,-20
13:10,-10,1,13:10,-180,-90,-20
12:20,-120,18,12:20,-200,-100,-10
07:30,-300,1,07:30,-140,-70,-20
12:50,-160,4,12:50,-200,-100,20
08:50,-190,12,08:50,-160,-80,-20
08:30,-280,4,08:30,-160,-80,-20
06:10,-50,9,06:10,-90,-40,-20
08:40,-190,12,08:40,-160,-80,-20
09:40,-280,1,09:40,-170,-90,-20
08:30,30,7,08:30,-160,-80,-20
11:10,0,8,11:10,-190,-100,-10
13:40,-130,2,13:40,-199,-80,107
11:00,30,6,11:00,-190,-100,-10
07:40,-190,3,07:40,-140,-70,-20
12:10,-230,7,12:10,-190,-100,-10
16:40,-100,3,16:40,-184,-100,105
12:50,-120,10,12:50,-200,-100,20
11:30,50,4,11:30,-190,-100,-10
08:40,40,4,08:40,-160,-80,-20
15:00,50,1,15:00,-130,-55,77
11:40,-160,10,11:40,-190,-100,-10
10:40,0,7,10:40,-180,-100,-24
16:40,-130,2,16:40,-184,-100,105
07:50,-270,2,07:50,-150,-70,-20
13:30,-20,2,13:30,-176,-90,40
09:30,70,1,09:30,-180,-80,-20
14:20,-140,3,14:20,-179,-90,30
12:10,-130,11,12:10,-190,-100,-10
12:30,-100,19,12:30,-180,-90,20
13:50,-70,3,13:50,-190,-100,56
07:10,-310,2,07:10,-130,-60,-30
09:00,-520,1,09:00,-161,-80,-20
11:20,-50,15,11:20,-180,-100,0
09:10,-190,20,09:10,-180,-90,-20
07:50,-160,14,07:50,-150,-70,-20
13:00,-210,2,13:00,-178,-90,28
04:50,-20,6,04:50,-22,-20,-10
11:00,0,10,11:00,-190,-100,-10
06:40,-110,11,06:40,-100,-50,-20
09:20,50,1,09:20,-180,-90,-20
08:00,-220,4,08:00,-160,-70,-20
10:50,-180,17,10:50,-180,-90,-10
15:50,250,1,15:50,-170,60,278
14:00,-150,2,14:00,-210,-105,20
13:00,10,2,13:00,-178,-90,28
13:30,-40,4,13:30,-176,-90,40
06:30,-100,10,06:30,-110,-50,-20
12:10,-350,1,12:10,-190,-100,-10
08:00,-150,17,08:00,-160,-70,-20
11:20,-180,11,11:20,-180,-100,0
07:30,-110,25,07:30,-140,-70,-20
11:10,-160,13,11:10,-190,-100,-10
11:20,-160,10,11:20,-180,-100,0
11:20,10,8,11:20,-180,-100,0
08:10,-400,1,08:10,-150,-80,-20
07:50,-250,1,07:50,-150,-70,-20
12:50,-150,11,12:50,-200,-100,20
08:10,90,1,08:10,-150,-80,-20
07:10,10,5,07:10,-130,-60,-30
10:40,-200,7,10:40,-180,-100,-24
09:10,120,1,09:10,-180,-90,-20
13:20,50,1,13:20,-170,-70,78
12:40,-140,7,12:40,-180,-80,42
12:20,70,2,12:20,-200,-100,-10
10:40,-10,7,10:40,-180,-100,-24
10:00,90,3,10:00,-170,-90,-10
06:40,-220,1,06:40,-100,-50,-20
12:50,10,2,12:50,-200,-100,20
07:10,-20,17,07:10,-130,-60,-30
06:20,-70,14,06:20,-90,-40,-20
08:10,-140,32,08:10,-150,-80,-20
08:20,-200,5,08:20,-165,-80,-20
13:50,-110,5,13:50,-190,-100,56
06:20,-210,1,06:20,-90,-40,-20
15:30,-50,2,15:30,-123,-90,53
12:20,-90,12,12:20,-200,-100,-10
10:10,-240,7,10:10,-180,-90,-20
12:00,-200,3,12:00,-204,-100,10
09:30,-170,19,09:30,-180,-80,-20
06:50,-120,13,06:50,-120,-60,-20
11:30,-30,15,11:30,-190,-100,-10
11:20,-250,2,11:20,-180,-100,0
12:20,-100,10,12:20,-200,-100,-10
10:30,-260,2,10:30,-181,-90,-10
12:30,-50,11,12:30,-180,-90,20
14:20,-100,2,14:20,-179,-90,30
14:40,-90,3,14:40,-210,-50,70
12:20,-20,6,12:20,-200,-100,-10
12:20,-170,4,12:20,-200,-100,-10
12:00,-280,1,12:00,-204,-100,10
07:30,-320,1,07:30,-140,-70,-20
09:50,-330,2,09:50,-180,-80,-20
12:10,0,6,12:10,-190,-100,-10
11:40,-240,6,11:40,-190,-100,-10
11:00,20,5,11:00,-190,-100,-10
10:50,-290,2,10:50,-180,-90,-10
07:00,-130,9,07:00,-130,-60,-20
11:10,150,2,11:10,-190,-100,-10
11:50,-180,4,11:50,-180,-95,0
13:00,40,2,13:00,-178,-90,28
16:40,130,1,16:40,-184,-100,105
08:40,-280,4,08:40,-160,-80,-20
08:00,-260,2,08:00,-160,-70,-20
15:10,-70,3,15:10,-158,-80,-4
07:30,-140,10,07:30,-140,-70,-20
10:50,90,1,10:50,-180,-90,-10
11:50,-290,2,11:50,-180,-95,0
12:50,-50,6,12:50,-200,-100,20
13:10,-90,11,13:10,-180,-90,-20
08:00,-180,13,08:00,-160,-70,-20
10:00,-170,23,10:00,-170,-90,-10
12:20,-150,9,12:20,-200,-100,-10
09:30,80,2,09:30,-180,-80,-20
09:00,-240,5,09:00,-161,-80,-20
07:40,-320,1,07:40,-140,-70,-20
08:50,70,2,08:50,-160,-80,-20
12:50,60,4,12:50,-200,-100,20
10:20,30,6,10:20,-180,-90,-10
12:50,-70,10,12:50,-200,-100,20
10:20,-250,3,10:20,-180,-90,-10
13:40,-60,4,13:40,-199,-80,107
10:10,-10,20,10:10,-180,-90,-20
11:20,20,7,11:20,-180,-100,0
10:10,-420,1,10:10,-180,-90,-20
10:20,-310,1,10:20,-180,-90,-10
09:30,-360,1,09:30,-180,-80,-20
15:00,-50,1,15:00,-130,-55,77
08:10,30,3,08:10,-150,-80,-20
16:20,-70,1,16:20,-161,-45,113
12:40,-120,9,12:40,-180,-80,42
12:50,110,1,12:50,-200,-100,20
11:10,130,3,11:10,-190,-100,-10
10:00,70,2,10:00,-170,-90,-10
06:10,-40,13,06:10,-90,-40,-20
06:10,-400,1,06:10,-90,-40,-20
11:10,-200,7,11:10,-190,-100,-10
09:30,-210,8,09:30,-180,-80,-20
12:50,-20,2,12:50,-200,-100,20
11:30,240,1,11:30,-190,-100,-10
08:20,-190,11,08:20,-165,-80,-20
10:30,70,2,10:30,-181,-90,-10
08:10,-190,13,08:10,-150,-80,-20
15:10,-170,2,15:10,-158,-80,-4
11:40,-180,8,11:40,-190,-100,-10
05:50,-50,10,05:50,-72,-30,-18
12:00,-210,4,12:00,-204,-100,10
14:10,-70,2,14:10,-217,-100,-1
08:10,-250,4,08:10,-150,-80,-20
08:30,-300,4,08:30,-160,-80,-20
11:30,120,1,11:30,-190,-100,-10
19:40,120,1,19:40,120,120,120
12:10,-170,8,12:10,-190,-100,-10
07:20,-170,5,07:20,-140,-60,-20
08:30,-220,4,08:30,-160,-80,-20
12:00,-150,11,12:00,-204,-100,10
12:30,-180,3,12:30,-180,-90,20
10:20,-360,3,10:20,-180,-90,-10
11:00,-310,2,11:00,-190,-100,-10
09:50,-240,3,09:50,-180,-80,-20
05:40,-10,5,05:40,-57,-30,-20
12:20,220,1,12:20,-200,-100,-10
09:20,-230,6,09:20,-180,-90,-20
13:50,90,2,13:50,-190,-100,56
08:30,-190,15,08:30,-160,-80,-20
08:40,-250,2,08:40,-160,-80,-20
13:20,-110,4,13:20,-170,-70,78
09:30,-300,1,09:30,-180,-80,-20
10:10,-280,3,10:10,-180,-90,-20
12:20,100,1,12:20,-200,-100,-10
10:30,60,2,10:30,-181,-90,-10
08:10,10,9,08:10,-150,-80,-20
11:30,-20,10,11:30,-190,-100,-10
12:00,-330,1,12:00,-204,-100,10
12:20,-180,7,12:20,-200,-100,-10
13:20,40,2,13:20,-170,-70,78
09:20,-250,4,09:20,-180,-90,-20
09:30,-330,1,09:30,-180,-80,-20
16:00,100,1,16:00,-130,-85,266
15:00,-10,2,15:00,-130,-55,77
13:30,120,2,13:30,-176,-90,40
10:40,60,2,10:40,-180,-100,-24
10:40,20,5,10:40,-180,-100,-24
14:20,-180,1,14:20,-179,-90,30
10:40,40,5,10:40,-180,-100,-24
05:50,-20,13,05:50,-72,-30,-18
13:30,-210,2,13:30,-176,-90,40
13:40,-170,2,13:40,-199,-80,107
05:50,-10,7,05:50,-72,-30,-18
13:10,200,1,13:10,-180,-90,-20
07:10,-230,3,07:10,-130,-60,-30
10:50,0,11,10:50,-180,-90,-10
11:20,-190,7,11:20,-180,-100,0
08:00,-170,20,08:00,-160,-70,-20
12:20,-140,11,12:20,-200,-100,-10
14:00,-100,3,14:00,-210,-105,20
13:10,-70,10,13:10,-180,-90,-20
05:40,-70,4,05:40,-57,-30,-20
13:20,-40,4,13:20,-170,-70,78
12:30,40,3,12:30,-180,-90,20
07:30,50,1,07:30,-140,-70,-20
14:00,-40,2,14:00,-210,-105,20
13:30,40,3,13:30,-176,-90,40
10:30,80,5,10:30,-181,-90,-10
09:30,-440,2,09:30,-180,-80,-20
15:50,90,1,15:50,-170,60,278
09:10,-380,1,09:10,-180,-90,-20
12:10,180,1,12:10,-190,-100,-10
12:30,-310,1,12:30,-180,-90,20
07:50,-210,4,07:50,-150,-70,-20
16:20,-60,1,16:20,-161,-45,113
10:20,70,2,10:20,-180,-90,-10
08:00,-210,4,08:00,-160,-70,-20
14:00,-200,1,14:00,-210,-105,20
12:10,100,1,12:10,-190,-100,-10
12:30,100,1,12:30,-180,-90,20
13:40,-180,1,13:40,-199,-80,107
12:50,-250,2,12:50,-200,-100,20
12:30,-160,9,12:30,-180,-90,20
15:20,-20,1,15:20,-138,-90,14
06:10,-100,4,06:10,-90,-40,-20
11:50,-230,3,11:50,-180,-95,0
06:20,0,3,06:20,-90,-40,-20
09:20,-260,6,09:20,-180,-90,-20
11:30,-190,10,11:30,-190,-100,-10
12:00,170,2,12:00,-204,-100,10
12:00,20,3,12:00,-204,-100,10
07:40,-240,3,07:40,-140,-70,-20
10:30,-220,4,10:30,-181,-90,-10
10:10,-330,1,10:10,-180,-90,-20
10:50,-330,4,10:50,-180,-90,-10
16:00,-130,2,16:00,-130,-85,266
10:10,-290,3,10:10,-180,-90,-20
10:30,-450,1,10:30,-181,-90,-10
13:10,-140,5,13:10,-180,-90,-20
08:30,-370,1,08:30,-160,-80,-20
08:40,-320,1,08:40,-160,-80,-20
12:40,-690,1,12:40,-180,-80,42
11:00,50,1,11:00,-190,-100,-10
07:00,-120,13,07:00,-130,-60,-20
12:30,-250,5,12:30,-180,-90,20
15:50,310,1,15:50,-170,60,278
07:10,-160,3,07:10,-130,-60,-30
07:40,-170,8,07:40,-140,-70,-20
09:20,30,8,09:20,-180,-90,-20
16:40,120,1,16:40,-184,-100,105
06:20,-170,2,06:20,-90,-40,-20
12:10,-240,3,12:10,-190,-100,-10
14:30,-20,3,14:30,-186,-90,30
05:20,-10,1,05:20,-100,-30,-20
11:00,-740,1,11:00,-190,-100,-10
06:40,-170,1,06:40,-100,-50,-20
09:40,50,6,09:40,-170,-90,-20
13:30,110,1,13:30,-176,-90,40
09:30,40,7,09:30,-180,-80,-20
07:10,-130,10,07:10,-130,-60,-30
11:30,70,1,11:30,-190,-100,-10
11:20,-260,2,11:20,-180,-100,0
07:40,-310,1,07:40,-140,-70,-20
14:00,-160,4,14:00,-210,-105,20
12:00,-230,5,12:00,-204,-100,10
12:30,-20,5,12:30,-180,-90,20
13:20,-90,5,13:20,-170,-70,78
13:00,-120,3,13:00,-178,-90,28
09:40,40,4,09:40,-170,-90,-20
11:40,10,2,11:40,-190,-100,-10
14:10,-270,1,14:10,-217,-100,-1
06:50,10,3,06:50,-120,-60,-20
15:10,30,1,15:10,-158,-80,-4
13:50,20,2,13:50,-190,-100,56
11:00,80,3,11:00,-190,-100,-10
15:40,220,1,15:40,-188,-105,9
15:50,-120,1,15:50,-170,60,278
12:30,20,8,12:30,-180,-90,20
07:20,-190,5,07:20,-140,-60,-20
12:10,-220,4,12:10,-190,-100,-10
07:40,-180,10,07:40,-140,-70,-20
08:10,-280,2,08:10,-150,-80,-20
14:50,120,2,14:50,-136,-60,82
07:10,0,4,07:10,-130,-60,-30
17:00,60,1,17:00,-108,-20,360
13:20,-100,3,13:20,-170,-70,78
07:20,10,6,07:20,-140,-60,-20
07:20,-290,1,07:20,-140,-60,-20
13:50,-190,2,13:50,-190,-100,56
15:30,-110,1,15:30,-123,-90,53
12:00,10,3,12:00,-204,-100,10
11:10,110,1,11:10,-190,-100,-10
14:30,-30,1,14:30,-186,-90,30
10:50,50,2,10:50,-180,-90,-10
06:50,-150,2,06:50,-120,-60,-20
13:10,-150,5,13:10,-180,-90,-20
14:30,0,1,14:30,-186,-90,30
15:00,0,2,15:00,-130,-55,77
07:20,-270,3,07:20,-140,-60,-20
07:50,-190,8,07:50,-150,-70,-20
14:00,-110,2,14:00,-210,-105,20
07:00,-300,1,07:00,-130,-60,-20
06:30,-590,1,06:30,-110,-50,-20
10:50,110,2,10:50,-180,-90,-10
10:20,40,8,10:20,-180,-90,-10
08:30,70,1,08:30,-160,-80,-20
14:00,-210,4,14:00,-210,-105,20
09:00,-230,7,09:00,-161,-80,-20
15:10,-10,2,15:10,-158,-80,-4
15:10,160,1,15:10,-158,-80,-4
08:00,-330,1,08:00,-160,-70,-20
11:40,-20,9,11:40,-190,-100,-10
15:50,-90,1,15:50,-170,60,278
11:50,-320,2,11:50,-180,-95,0
10:30,-320,1,10:30,-181,-90,-10
13:00,30,2,13:00,-178,-90,28
11:30,90,1,11:30,-190,-100,-10
09:40,-340,1,09:40,-170,-90,-20
09:50,130,1,09:50,-180,-80,-20
13:20,20,3,13:20,-170,-70,78
15:00,-150,1,15:00,-130,-55,77
07:40,-610,1,07:40,-140,-70,-20
08:40,-240,4,08:40,-160,-80,-20
18:50,430,1,18:50,-96,80,360
15:00,-130,2,15:00,-130,-55,77
10:50,-260,4,10:50,-180,-90,-10
12:20,-340,1,12:20,-200,-100,-10
08:30,40,4,08:30,-160,-80,-20
09:40,-260,2,09:40,-170,-90,-20
16:00,-100,1,16:00,-130,-85,266
14:30,70,1,14:30,-186,-90,30
13:50,-40,1,13:50,-190,-100,56
10:40,-240,5,10:40,-180,-100,-24
16:30,-30,1,16:30,-90,-60,160
14:30,-100,2,14:30,-186,-90,30
06:20,-280,1,06:20,-90,-40,-20
13:50,-20,1,13:50,-190,-100,56
13:10,-210,2,13:10,-180,-90,-20
13:10,-60,2,13:10,-180,-90,-20
08:40,50,3,08:40,-160,-80,-20
06:50,-200,1,06:50,-120,-60,-20
16:00,-70,1,16:00,-130,-85,266
08:50,-260,4,08:50,-160,-80,-20
12:10,-160,8,12:10,-190,-100,-10
14:40,-200,1,14:40,-210,-50,70
07:30,-240,2,07:30,-140,-70,-20
12:00,90,2,12:00,-204,-100,10
10:40,-260,4,10:40,-180,-100,-24
07:50,-240,3,07:50,-150,-70,-20
08:50,-340,2,08:50,-160,-80,-20
10:00,20,8,10:00,-170,-90,-10
12:00,80,1,12:00,-204,-100,10
14:50,-50,1,14:50,-136,-60,82
14:50,-70,3,14:50,-136,-60,82
11:50,90,2,11:50,-180,-95,0
14:00,-140,2,14:00,-210,-105,20
05:30,-130,1,05:30,-58,-30,-10
08:10,-370,1,08:10,-150,-80,-20
12:20,-220,4,12:20,-200,-100,-10
15:50,-10,1,15:50,-170,60,278
09:10,-300,2,09:10,-180,-90,-20
10:00,-360,2,10:00,-170,-90,-10
15:50,100,1,15:50,-170,60,278
13:40,190,1,13:40,-199,-80,107
15:20,110,1,15:20,-138,-90,14
13:30,-190,2,13:30,-176,-90,40
10:50,150,1,10:50,-180,-90,-10
14:00,220,1,14:00,-210,-105,20
12:50,-130,4,12:50,-200,-100,20
08:40,-220,8,08:40,-160,-80,-20
08:50,-470,1,08:50,-160,-80,-20
09:00,90,1,09:00,-161,-80,-20
12:40,70,4,12:40,-180,-80,42
11:10,-220,3,11:10,-190,-100,-10
12:50,20,2,12:50,-200,-100,20
06:30,-300,1,06:30,-110,-50,-20
08:00,20,4,08:00,-160,-70,-20
17:20,110,1,17:20,-58,140,184
08:00,-420,1,08:00,-160,-70,-20
07:30,-220,2,07:30,-140,-70,-20
11:00,60,4,11:00,-190,-100,-10
10:50,-390,1,10:50,-180,-90,-10
12:10,140,1,12:10,-190,-100,-10
09:40,-490,1,09:40,-170,-90,-20
13:20,-70,4,13:20,-170,-70,78
07:20,-410,1,07:20,-140,-60,-20
16:10,0,2,16:10,-29,10,373
12:10,-210,3,12:10,-190,-100,-10
14:30,130,1,14:30,-186,-90,30
11:10,-300,2,11:10,-190,-100,-10
13:30,90,1,13:30,-176,-90,40
14:10,310,1,14:10,-217,-100,-1
14:40,-20,1,14:40,-210,-50,70
12:30,-330,1,12:30,-180,-90,20
09:10,-290,2,09:10,-180,-90,-20
08:30,-430,1,08:30,-160,-80,-20
13:10,-190,3,13:10,-180,-90,-20
09:30,-340,2,09:30,-180,-80,-20
09:00,-330,2,09:00,-161,-80,-20
12:50,-30,3,12:50,-200,-100,20
13:20,-60,2,13:20,-170,-70,78
09:00,-320,2,09:00,-161,-80,-20
09:40,-270,1,09:40,-170,-90,-20
11:10,90,2,11:10,-190,-100,-10
15:20,-10,1,15:20,-138,-90,14
14:30,-90,2,14:30,-186,-90,30
07:40,-220,8,07:40,-140,-70,-20
15:20,-130,1,15:20,-138,-90,14
07:40,-330,1,07:40,-140,-70,-20
07:10,-260,1,07:10,-130,-60,-30
08:50,30,4,08:50,-160,-80,-20
14:10,-10,1,14:10,-217,-100,-1
09:10,80,1,09:10,-180,-90,-20
12:50,90,1,12:50,-200,-100,20
10:10,40,4,10:10,-180,-90,-20
10:00,-240,2,10:00,-170,-90,-10
08:40,60,3,08:40,-160,-80,-20
06:00,-90,1,06:00,-80,-40,-20
07:00,10,3,07:00,-130,-60,-20
11:20,100,2,11:20,-180,-100,0
13:40,20,2,13:40,-199,-80,107
12:00,-270,3,12:00,-204,-100,10
16:10,-30,1,16:10,-29,10,373
14:30,10,1,14:30,-186,-90,30
15:20,-100,3,15:20,-138,-90,14
14:30,110,1,14:30,-186,-90,30
11:20,-320,2,11:20,-180,-100,0
09:30,-250,2,09:30,-180,-80,-20
12:40,90,2,12:40,-180,-80,42
22:20,280,1,22:20,280,280,280
13:50,110,1,13:50,-190,-100,56
10:10,130,1,10:10,-180,-90,-20
11:00,-270,2,11:00,-190,-100,-10
16:50,-70,2,16:50,-136,-70,-60
06:10,-450,1,06:10,-90,-40,-20
13:50,-90,4,13:50,-190,-100,56
09:10,-440,1,09:10,-180,-90,-20
15:40,-160,3,15:40,-188,-105,9
11:10,10,4,11:10,-190,-100,-10
15:40,-170,1,15:40,-188,-105,9
17:00,-40,1,17:00,-108,-20,360
11:50,-190,6,11:50,-180,-95,0
11:50,-260,3,11:50,-180,-95,0
12:20,10,1,12:20,-200,-100,-10
13:10,0,1,13:10,-180,-90,-20
12:30,60,2,12:30,-180,-90,20
09:20,-350,1,09:20,-180,-90,-20
13:20,190,1,13:20,-170,-70,78
14:30,-150,2,14:30,-186,-90,30
14:50,-30,2,14:50,-136,-60,82
13:00,190,1,13:00,-178,-90,28
14:00,-250,1,14:00,-210,-105,20
11:50,20,2,11:50,-180,-95,0
14:30,-70,1,14:30,-186,-90,30
14:50,-130,1,14:50,-136,-60,82
09:00,-310,1,09:00,-161,-80,-20
16:00,110,1,16:00,-130,-85,266
08:40,-290,1,08:40,-160,-80,-20
14:40,-100,1,14:40,-210,-50,70
07:40,40,3,07:40,-140,-70,-20
08:20,-450,1,08:20,-165,-80,-20
13:00,-200,1,13:00,-178,-90,28
09:10,-430,1,09:10,-180,-90,-20
09:50,150,1,09:50,-180,-80,-20
12:20,30,1,12:20,-200,-100,-10
11:30,-180,5,11:30,-190,-100,-10
13:30,-130,4,13:30,-176,-90,40
14:00,-190,1,14:00,-210,-105,20
07:10,-470,1,07:10,-130,-60,-30
12:00,120,1,12:00,-204,-100,10
11:40,-370,2,11:40,-190,-100,-10
08:50,-400,1,08:50,-160,-80,-20
10:20,150,1,10:20,-180,-90,-10
05:50,-130,1,05:50,-72,-30,-18
13:50,-60,2,13:50,-190,-100,56
10:40,200,1,10:40,-180,-100,-24
06:50,-240,1,06:50,-120,-60,-20
09:30,-370,1,09:30,-180,-80,-20
05:30,10,1,05:30,-58,-30,-10
14:40,20,1,14:40,-210,-50,70
13:30,-260,2,13:30,-176,-90,40
13:00,60,1,13:00,-178,-90,28
13:40,-100,3,13:40,-199,-80,107
15:00,-20,1,15:00,-130,-55,77
11:10,70,1,11:10,-190,-100,-10
15:50,60,2,15:50,-170,60,278
08:30,-240,5,08:30,-160,-80,-20
14:00,-30,2,14:00,-210,-105,20
19:10,270,1,19:10,270,270,270
11:00,100,1,11:00,-190,-100,-10
12:10,90,1,12:10,-190,-100,-10
09:30,-290,1,09:30,-180,-80,-20
15:50,210,1,15:50,-170,60,278
08:10,20,3,08:10,-150,-80,-20
15:40,-80,2,15:40,-188,-105,9
14:30,30,3,14:30,-186,-90,30
14:10,-250,2,14:10,-217,-100,-1
11:50,270,1,11:50,-180,-95,0
14:20,60,1,14:20,-179,-90,30
13:30,-60,4,13:30,-176,-90,40
05:00,-20,2,05:00,-48,-20,-13
09:20,-300,3,09:20,-180,-90,-20
06:30,-330,1,06:30,-110,-50,-20
07:00,-200,1,07:00,-130,-60,-20
10:50,-270,1,10:50,-180,-90,-10
14:00,-70,2,14:00,-210,-105,20
12:00,-220,1,12:00,-204,-100,10
07:10,-180,2,07:10,-130,-60,-30
10:20,100,1,10:20,-180,-90,-10
06:50,-180,1,06:50,-120,-60,-20
09:50,-280,1,09:50,-180,-80,-20
14:00,-480,1,14:00,-210,-105,20
09:50,-320,3,09:50,-180,-80,-20
09:20,70,1,09:20,-180,-90,-20
06:50,-250,2,06:50,-120,-60,-20
07:50,-390,1,07:50,-150,-70,-20
07:10,-270,2,07:10,-130,-60,-30
13:40,-10,1,13:40,-199,-80,107
13:30,130,2,13:30,-176,-90,40
14:00,-180,1,14:00,-210,-105,20
07:30,40,1,07:30,-140,-70,-20
13:50,-240,1,13:50,-190,-100,56
10:20,-330,2,10:20,-180,-90,-10
11:40,180,1,11:40,-190,-100,-10
09:50,40,1,09:50,-180,-80,-20
14:20,30,3,14:20,-179,-90,30
11:20,-300,1,11:20,-180,-100,0
12:20,160,1,12:20,-200,-100,-10
11:20,-220,1,11:20,-180,-100,0
15:00,-90,2,15:00,-130,-55,77
11:00,-450,1,11:00,-190,-100,-10
11:30,80,2,11:30,-190,-100,-10
08:20,-310,2,08:20,-165,-80,-20
06:50,-350,1,06:50,-120,-60,-20
12:30,150,1,12:30,-180,-90,20
14:30,270,1,14:30,-186,-90,30
13:50,160,1,13:50,-190,-100,56
18:40,20,1,18:40,-25,-5,15
06:40,10,2,06:40,-100,-50,-20
14:00,-220,1,14:00,-210,-105,20
14:30,-50,3,14:30,-186,-90,30
10:20,170,1,10:20,-180,-90,-10
13:40,-190,3,13:40,-199,-80,107
07:00,-220,1,07:00,-130,-60,-20
11:50,120,1,11:50,-180,-95,0
13:20,-180,1,13:20,-170,-70,78
06:20,-290,1,06:20,-90,-40,-20
13:30,-180,1,13:30,-176,-90,40
13:50,-160,1,13:50,-190,-100,56
10:40,90,1,10:40,-180,-100,-24
10:30,-380,1,10:30,-181,-90,-10
10:00,-390,1,10:00,-170,-90,-10
13:20,210,1,13:20,-170,-70,78
12:40,10,1,12:40,-180,-80,42
05:00,-10,1,05:00,-48,-20,-13
16:40,-210,1,16:40,-184,-100,105
12:40,-450,1,12:40,-180,-80,42
14:20,-160,1,14:20,-179,-90,30
12:40,-270,1,12:40,-180,-80,42
13:20,130,1,13:20,-170,-70,78
05:50,-70,1,05:50,-72,-30,-18
09:10,130,1,09:10,-180,-90,-20
11:20,-390,1,11:20,-180,-100,0
06:10,20,1,06:10,-90,-40,-20
12:30,-230,1,12:30,-180,-90,20
12:00,100,1,12:00,-204,-100,10
11:30,40,1,11:30,-190,-100,-10
12:00,-260,1,12:00,-204,-100,10
08:40,-670,1,08:40,-160,-80,-20
08:30,-310,1,08:30,-160,-80,-20
14:50,30,1,14:50,-136,-60,82
14:00,330,1,14:00,-210,-105,20
13:30,10,1,13:30,-176,-90,40
13:50,-200,1,13:50,-190,-100,56
12:20,-250,1,12:20,-200,-100,-10
14:50,-160,1,14:50,-136,-60,82
09:30,-380,1,09:30,-180,-80,-20
12:50,80,1,12:50,-200,-100,20
13:10,-230,1,13:10,-180,-90,-20
10:00,-310,1,10:00,-170,-90,-10
10:40,70,1,10:40,-180,-100,-24
14:30,-110,1,14:30,-186,-90,30
13:20,260,1,13:20,-170,-70,78
06:00,-170,1,06:00,-80,-40,-20
12:30,-210,1,12:30,-180,-90,20
12:30,170,1,12:30,-180,-90,20
13:20,60,1,13:20,-170,-70,78
17:20,170,1,17:20,-58,140,184
07:40,-400,1,07:40,-140,-70,-20
11:00,-330,1,11:00,-190,-100,-10
06:30,-200,1,06:30,-110,-50,-20
09:00,-340,1,09:00,-161,-80,-20
12:40,-320,1,12:40,-180,-80,42
10:20,90,2,10:20,-180,-90,-10
08:50,60,2,08:50,-160,-80,-20
15:20,-80,2,15:20,-138,-90,14
14:20,-50,1,14:20,-179,-90,30
11:30,190,1,11:30,-190,-100,-10
15:10,-180,1,15:10,-158,-80,-4
13:50,-270,1,13:50,-190,-100,56
07:50,30,1,07:50,-150,-70,-20
13:50,170,1,13:50,-190,-100,56
11:40,80,1,11:40,-190,-100,-10
09:00,-260,1,09:00,-161,-80,-20
07:20,-390,1,07:20,-140,-60,-20
15:20,-140,1,15:20,-138,-90,14
11:00,-280,1,11:00,-190,-100,-10
10:40,-310,1,10:40,-180,-100,-24
16:20,-280,1,16:20,-161,-45,113
13:40,40,1,13:40,-199,-80,107
14:00,30,1,14:00,-210,-105,20
16:10,-50,1,16:10,-29,10,373
13:10,70,1,13:10,-180,-90,-20
12:50,240,1,12:50,-200,-100,20
16:30,350,1,16:30,-90,-60,160
16:10,210,1,16:10,-29,10,373
11:40,-260,1,11:40,-190,-100,-10
14:00,60,1,14:00,-210,-105,20
14:30,-250,1,14:30,-186,-90,30
14:20,90,1,14:20,-179,-90,30
15:10,-320,1,15:10,-158,-80,-4
06:30,-220,1,06:30,-110,-50,-20
06:40,-140,1,06:40,-100,-50,-20
11:40,-230,1,11:40,-190,-100,-10
15:40,-230,1,15:40,-188,-105,9
09:20,-370,1,09:20,-180,-90,-20
12:30,140,1,12:30,-180,-90,20
07:00,20,1,07:00,-130,-60,-20
13:10,90,1,13:10,-180,-90,-20
10:50,-320,1,10:50,-180,-90,-10
11:20,-240,1,11:20,-180,-100,0
18:30,130,1,18:30,130,130,130
08:10,-360,1,08:10,-150,-80,-20
06:10,-270,1,06:10,-90,-40,-20
06:00,-120,1,06:00,-80,-40,-20
09:00,-250,1,09:00,-161,-80,-20
18:00,110,1,18:00,-104,-80,72
12:00,-300,1,12:00,-204,-100,10
16:00,290,1,16:00,-130,-85,266
09:10,140,1,09:10,-180,-90,-20
11:30,60,1,11:30,-190,-100,-10
08:00,60,1,08:00,-160,-70,-20
07:40,-270,1,07:40,-140,-70,-20
07:30,-280,1,07:30,-140,-70,-20
12:30,220,1,12:30,-180,-90,20
09:10,-350,1,09:10,-180,-90,-20
08:50,100,1,08:50,-160,-80,-20
08:10,-90,83,08:10,-150,-80,-20
11:40,-140,15,11:40,-190,-100,-10
07:40,-80,78,07:40,-140,-70,-20
14:40,70,2,14:40,-210,-50,70
08:50,-70,69,08:50,-160,-80,-20
11:30,-150,17,11:30,-190,-100,-10
09:50,0,20,09:50,-180,-80,-20
09:20,-110,57,09:20,-180,-90,-20
12:20,-40,5,12:20,-200,-100,-10
09:00,10,18,09:00,-161,-80,-20
08:00,-90,63,08:00,-160,-70,-20
07:20,-110,24,07:20,-140,-60,-20
08:50,-230,8,08:50,-160,-80,-20
12:10,-200,4,12:10,-190,-100,-10
14:10,-50,7,14:10,-217,-100,-1
10:00,-160,23,10:00,-170,-90,-10
09:00,40,4,09:00,-161,-80,-20
09:40,-160,18,09:40,-170,-90,-20
08:10,-150,31,08:10,-150,-80,-20
11:50,-170,10,11:50,-180,-95,0
13:10,-170,7,13:10,-180,-90,-20
07:40,-70,130,07:40,-140,-70,-20
08:30,-50,85,08:30,-160,-80,-20
10:00,-140,38,10:00,-170,-90,-10
10:00,-40,44,10:00,-170,-90,-10
07:30,-80,83,07:30,-140,-70,-20
09:30,-310,4,09:30,-180,-80,-20
07:00,-40,61,07:00,-130,-60,-20
07:50,-90,65,07:50,-150,-70,-20
10:30,0,7,10:30,-181,-90,-10
08:40,-30,45,08:40,-160,-80,-20
08:20,-120,50,08:20,-165,-80,-20
08:40,-10,33,08:40,-160,-80,-20
08:30,-40,65,08:30,-160,-80,-20
06:40,-120,5,06:40,-100,-50,-20
08:30,0,23,08:30,-160,-80,-20
16:00,350,1,16:00,-130,-85,266
12:10,-70,28,12:10,-190,-100,-10
09:50,-190,17,09:50,-180,-80,-20
09:40,-210,10,09:40,-170,-90,-20
11:20,-150,22,11:20,-180,-100,0
12:00,-170,9,12:00,-204,-100,10
09:40,-30,46,09:40,-170,-90,-20
09:20,-80,62,09:20,-180,-90,-20
10:30,-330,1,10:30,-181,-90,-10
07:10,-40,66,07:10,-130,-60,-30
09:50,-80,70,09:50,-180,-80,-20
11:00,-230,4,11:00,-190,-100,-10
09:00,-210,11,09:00,-161,-80,-20
12:00,-90,14,12:00,-204,-100,10
09:30,-20,42,09:30,-180,-80,-20
09:50,-100,52,09:50,-180,-80,-20
07:30,-70,92,07:30,-140,-70,-20
07:10,-70,58,07:10,-130,-60,-30
10:10,-220,8,10:10,-180,-90,-20
08:20,-30,83,08:20,-165,-80,-20
09:50,-20,40,09:50,-180,-80,-20
14:30,-130,3,14:30,-186,-90,30
07:50,-120,34,07:50,-150,-70,-20
10:10,-70,54,10:10,-180,-90,-20
09:20,-130,42,09:20,-180,-90,-20
10:10,-250,5,10:10,-180,-90,-20
07:40,-40,77,07:40,-140,-70,-20
10:50,60,4,10:50,-180,-90,-10
08:40,-140,38,08:40,-160,-80,-20
08:00,-120,39,08:00,-160,-70,-20
08:10,-80,78,08:10,-150,-80,-20
09:30,-70,72,09:30,-180,-80,-20
09:20,-190,15,09:20,-180,-90,-20
10:10,-120,45,10:10,-180,-90,-20
07:50,-100,43,07:50,-150,-70,-20
10:50,-250,7,10:50,-180,-90,-10
10:40,-30,21,10:40,-180,-100,-24
11:00,-150,24,11:00,-190,-100,-10
10:10,80,3,10:10,-180,-90,-20
11:00,-70,33,11:00,-190,-100,-10
10:20,-120,35,10:20,-180,-90,-10
06:40,-60,33,06:40,-100,-50,-20
08:10,-180,12,08:10,-150,-80,-20
10:10,-80,43,10:10,-180,-90,-20
15:10,0,1,15:10,-158,-80,-4
10:40,-90,40,10:40,-180,-100,-24
07:00,-90,35,07:00,-130,-60,-20
09:00,-60,88,09:00,-161,-80,-20
14:10,-140,2,14:10,-217,-100,-1
11:10,-70,27,11:10,-190,-100,-10
10:20,-70,49,10:20,-180,-90,-10
09:40,0,17,09:40,-170,-90,-20
06:10,-60,16,06:10,-90,-40,-20
08:40,-160,19,08:40,-160,-80,-20
11:20,-110,26,11:20,-180,-100,0
17:00,360,2,17:00,-108,-20,360
06:40,-30,42,06:40,-100,-50,-20
09:40,-200,8,09:40,-170,-90,-20
08:00,-70,97,08:00,-160,-70,-20
09:30,-110,51,09:30,-180,-80,-20
08:40,-200,13,08:40,-160,-80,-20
10:20,-60,38,10:20,-180,-90,-10
10:40,-140,34,10:40,-180,-100,-24
06:50,-70,45,06:50,-120,-60,-20
08:20,-90,71,08:20,-165,-80,-20
11:50,-30,11,11:50,-180,-95,0
11:10,-80,23,11:10,-190,-100,-10
09:50,-130,46,09:50,-180,-80,-20
09:40,-120,45,09:40,-170,-90,-20
08:10,-170,18,08:10,-150,-80,-20
08:20,-220,7,08:20,-165,-80,-20
12:00,60,5,12:00,-204,-100,10
08:10,-70,76,08:10,-150,-80,-20
08:50,-20,43,08:50,-160,-80,-20
07:40,20,6,07:40,-140,-70,-20
10:00,0,22,10:00,-170,-90,-10
12:30,70,2,12:30,-180,-90,20
08:10,-40,86,08:10,-150,-80,-20
09:40,-250,3,09:40,-170,-90,-20
10:00,-100,48,10:00,-170,-90,-10
05:50,-30,21,05:50,-72,-30,-18
09:30,-30,38,09:30,-180,-80,-20
13:40,-90,3,13:40,-199,-80,107
12:50,-220,3,12:50,-200,-100,20
09:10,-50,77,09:10,-180,-90,-20
07:50,-30,49,07:50,-150,-70,-20
09:20,-90,70,09:20,-180,-90,-20
11:10,-170,13,11:10,-190,-100,-10
12:20,-30,7,12:20,-200,-100,-10
14:50,-150,1,14:50,-136,-60,82
12:50,-90,6,12:50,-200,-100,20
08:30,-100,72,08:30,-160,-80,-20
09:30,-10,23,09:30,-180,-80,-20
08:30,-150,24,08:30,-160,-80,-20
05:30,-30,11,05:30,-58,-30,-10
09:20,-120,55,09:20,-180,-90,-20
09:20,-180,9,09:20,-180,-90,-20
11:50,-130,16,11:50,-180,-95,0
08:30,-60,81,08:30,-160,-80,-20
08:30,-110,67,08:30,-160,-80,-20
07:10,-150,15,07:10,-130,-60,-30
11:20,0,11,11:20,-180,-100,0
10:30,-100,38,10:30,-181,-90,-10
07:50,-60,98,07:50,-150,-70,-20
07:30,-60,78,07:30,-140,-70,-20
12:00,40,2,12:00,-204,-100,10
08:10,-210,7,08:10,-150,-80,-20
10:20,-30,31,10:20,-180,-90,-10
11:30,-160,12,11:30,-190,-100,-10
07:40,-50,95,07:40,-140,-70,-20
08:50,-40,96,08:50,-160,-80,-20
09:10,-200,20,09:10,-180,-90,-20
09:00,-90,65,09:00,-161,-80,-20
10:40,-40,20,10:40,-180,-100,-24
09:20,-160,19,09:20,-180,-90,-20
11:10,-120,31,11:10,-190,-100,-10
08:30,-70,75,08:30,-160,-80,-20
08:30,10,10,08:30,-160,-80,-20
11:20,160,2,11:20,-180,-100,0
09:00,-40,62,09:00,-161,-80,-20
07:20,-20,41,07:20,-140,-60,-20
11:30,-50,14,11:30,-190,-100,-10
07:40,-200,10,07:40,-140,-70,-20
08:00,-190,15,08:00,-160,-70,-20
12:10,-150,8,12:10,-190,-100,-10
12:20,-80,9,12:20,-200,-100,-10
05:30,-10,10,05:30,-58,-30,-10
11:00,-60,27,11:00,-190,-100,-10
08:20,-150,31,08:20,-165,-80,-20
10:20,-20,21,10:20,-180,-90,-10
08:50,-110,61,08:50,-160,-80,-20
08:30,-120,48,08:30,-160,-80,-20
07:40,-160,15,07:40,-140,-70,-20
09:10,-150,25,09:10,-180,-90,-20
09:00,-120,57,09:00,-161,-80,-20
07:30,-120,27,07:30,-140,-70,-20
12:40,0,5,12:40,-180,-80,42
07:50,-40,75,07:50,-150,-70,-20
09:40,-150,34,09:40,-170,-90,-20
10:30,-60,44,10:30,-181,-90,-10
11:50,30,4,11:50,-180,-95,0
09:20,-100,60,09:20,-180,-90,-20
12:30,-190,2,12:30,-180,-90,20
08:20,-140,37,08:20,-165,-80,-20
09:00,-20,39,09:00,-161,-80,-20
08:10,-20,49,08:10,-150,-80,-20
12:10,-90,12,12:10,-190,-100,-10
06:20,-80,15,06:20,-90,-40,-20
07:50,-200,4,07:50,-150,-70,-20
08:50,-240,10,08:50,-160,-80,-20
09:30,-180,22,09:30,-180,-80,-20
07:40,-140,24,07:40,-140,-70,-20
12:30,-30,7,12:30,-180,-90,20
09:30,-60,69,09:30,-180,-80,-20
11:40,-80,22,11:40,-190,-100,-10
07:30,-150,18,07:30,-140,-70,-20
10:10,-150,28,10:10,-180,-90,-20
09:50,-40,60,09:50,-180,-80,-20
10:20,-110,42,10:20,-180,-90,-10
10:50,-150,28,10:50,-180,-90,-10
14:20,-230,1,14:20,-179,-90,30
12:10,-10,7,12:10,-190,-100,-10
08:50,-30,48,08:50,-160,-80,-20
09:00,50,3,09:00,-161,-80,-20
08:20,-240,8,08:20,-165,-80,-20
09:00,-180,15,09:00,-161,-80,-20
07:00,-100,18,07:00,-130,-60,-20
10:10,-50,41,10:10,-180,-90,-20
09:30,-240,6,09:30,-180,-80,-20
07:40,-130,31,07:40,-140,-70,-20
09:40,-100,54,09:40,-170,-90,-20
13:30,-90,11,13:30,-176,-90,40
11:10,-230,6,11:10,-190,-100,-10
07:40,-10,32,07:40,-140,-70,-20
10:50,-40,33,10:50,-180,-90,-10
14:20,-110,3,14:20,-179,-90,30
08:40,-150,32,08:40,-160,-80,-20
13:30,-280,2,13:30,-176,-90,40
08:30,-10,35,08:30,-160,-80,-20
07:30,-30,54,07:30,-140,-70,-20
07:10,-140,6,07:10,-130,-60,-30
08:10,-30,56,08:10,-150,-80,-20
11:40,-30,13,11:40,-190,-100,-10
11:40,-130,13,11:40,-190,-100,-10
13:00,-140,4,13:00,-178,-90,28
10:30,-40,41,10:30,-181,-90,-10
06:20,-130,3,06:20,-90,-40,-20
14:20,-10,1,14:20,-179,-90,30
06:20,-60,24,06:20,-90,-40,-20
06:00,-40,17,06:00,-80,-40,-20
12:10,10,5,12:10,-190,-100,-10
05:40,-20,16,05:40,-57,-30,-20
09:30,-50,67,09:30,-180,-80,-20
07:10,-50,70,07:10,-130,-60,-30
09:00,-150,27,09:00,-161,-80,-20
11:50,70,2,11:50,-180,-95,0
11:00,-110,20,11:00,-190,-100,-10
08:10,0,12,08:10,-150,-80,-20
11:20,140,4,11:20,-180,-100,0
05:20,-160,1,05:20,-100,-30,-20
06:00,-20,14,06:00,-80,-40,-20
09:50,-270,1,09:50,-180,-80,-20
10:50,-80,30,10:50,-180,-90,-10
13:50,-50,3,13:50,-190,-100,56
07:50,0,20,07:50,-150,-70,-20
09:00,30,5,09:00,-161,-80,-20
13:00,-20,5,13:00,-178,-90,28
09:10,-20,43,09:10,-180,-90,-20
07:30,-250,3,07:30,-140,-70,-20
06:00,-80,6,06:00,-80,-40,-20
08:00,-30,50,08:00,-160,-70,-20
11:30,-100,22,11:30,-190,-100,-10
12:20,-50,15,12:20,-200,-100,-10
05:30,-90,1,05:30,-58,-30,-10
09:00,-80,84,09:00,-161,-80,-20
15:40,-140,1,15:40,-188,-105,9
10:50,30,6,10:50,-180,-90,-10
11:10,20,8,11:10,-190,-100,-10
12:40,-50,9,12:40,-180,-80,42
06:40,-10,19,06:40,-100,-50,-20
08:40,0,14,08:40,-160,-80,-20
08:40,-60,94,08:40,-160,-80,-20
10:10,-90,48,10:10,-180,-90,-20
13:40,370,1,13:40,-199,-80,107
09:40,-80,74,09:40,-170,-90,-20
11:40,-10,15,11:40,-190,-100,-10
09:20,-150,33,09:20,-180,-90,-20
09:50,-110,31,09:50,-180,-80,-20
11:40,-90,26,11:40,-190,-100,-10
13:50,60,1,13:50,-190,-100,56
09:10,-40,49,09:10,-180,-90,-20
12:40,-70,9,12:40,-180,-80,42
09:30,-90,61,09:30,-180,-80,-20
13:30,-30,4,13:30,-176,-90,40
09:10,-70,78,09:10,-180,-90,-20
14:10,-150,3,14:10,-217,-100,-1
13:10,-270,2,13:10,-180,-90,-20
10:10,-60,52,10:10,-180,-90,-20
09:20,-10,31,09:20,-180,-90,-20
08:40,-20,54,08:40,-160,-80,-20
12:00,-250,3,12:00,-204,-100,10
11:20,60,1,11:20,-180,-100,0
08:30,-130,37,08:30,-160,-80,-20
06:50,-100,12,06:50,-120,-60,-20
09:10,-220,12,09:10,-180,-90,-20
08:10,-160,12,08:10,-150,-80,-20
08:50,-10,45,08:50,-160,-80,-20
06:30,-80,12,06:30,-110,-50,-20
10:30,-170,18,10:30,-181,-90,-10
12:30,-240,2,12:30,-180,-90,20
12:40,-40,9,12:40,-180,-80,42
08:40,-210,8,08:40,-160,-80,-20
07:00,-50,48,07:00,-130,-60,-20
05:50,-100,1,05:50,-72,-30,-18
06:50,-130,9,06:50,-120,-60,-20
12:40,-200,3,12:40,-180,-80,42
09:20,10,15,09:20,-180,-90,-20
10:10,-130,32,10:10,-180,-90,-20
12:40,-60,12,12:40,-180,-80,42
10:50,-90,37,10:50,-180,-90,-10
09:10,-210,9,09:10,-180,-90,-20
11:10,-210,5,11:10,-190,-100,-10
13:10,110,2,13:10,-180,-90,-20
11:10,-110,30,11:10,-190,-100,-10
07:30,-90,50,07:30,-140,-70,-20
09:50,-180,23,09:50,-180,-80,-20
15:30,-120,5,15:30,-123,-90,53
09:30,-220,11,09:30,-180,-80,-20
12:20,-70,15,12:20,-200,-100,-10
12:30,-120,13,12:30,-180,-90,20
07:00,-60,39,07:00,-130,-60,-20
07:10,-60,64,07:10,-130,-60,-30
06:30,-30,34,06:30,-110,-50,-20
11:00,-40,17,11:00,-190,-100,-10
08:00,-110,44,08:00,-160,-70,-20
07:30,-170,7,07:30,-140,-70,-20
12:00,-10,11,12:00,-204,-100,10
10:10,-110,46,10:10,-180,-90,-20
11:00,-90,35,11:00,-190,-100,-10
06:40,-80,22,06:40,-100,-50,-20
08:50,-90,81,08:50,-160,-80,-20
08:50,-150,33,08:50,-160,-80,-20
14:20,-150,4,14:20,-179,-90,30
09:20,-520,1,09:20,-180,-90,-20
06:00,-70,7,06:00,-80,-40,-20
08:20,-130,43,08:20,-165,-80,-20
13:20,-170,2,13:20,-170,-70,78
07:40,0,19,07:40,-140,-70,-20
12:50,-180,2,12:50,-200,-100,20
09:30,-160,19,09:30,-180,-80,-20
06:30,-60,26,06:30,-110,-50,-20
11:40,40,2,11:40,-190,-100,-10
08:10,-220,4,08:10,-150,-80,-20
09:40,-170,26,09:40,-170,-90,-20
09:40,-90,71,09:40,-170,-90,-20
10:50,-10,15,10:50,-180,-90,-10
12:00,-70,17,12:00,-204,-100,10
12:40,-230,3,12:40,-180,-80,42
12:50,30,2,12:50,-200,-100,20
15:40,10,1,15:40,-188,-105,9
07:50,-20,36,07:50,-150,-70,-20
06:40,-90,13,06:40,-100,-50,-20
06:20,-30,38,06:20,-90,-40,-20
14:50,10,2,14:50,-136,-60,82
06:50,-60,42,06:50,-120,-60,-20
08:20,10,12,08:20,-165,-80,-20
10:50,-110,37,10:50,-180,-90,-10
11:00,10,12,11:00,-190,-100,-10
10:30,-150,17,10:30,-181,-90,-10
11:20,30,3,11:20,-180,-100,0
07:30,-330,1,07:30,-140,-70,-20
12:40,-90,5,12:40,-180,-80,42
11:30,10,8,11:30,-190,-100,-10
10:00,30,3,10:00,-170,-90,-10
07:40,-100,50,07:40,-140,-70,-20
10:40,-250,5,10:40,-180,-100,-24
05:40,-30,14,05:40,-57,-30,-20
10:40,-220,5,10:40,-180,-100,-24
09:20,-170,22,09:20,-180,-90,-20
12:40,-170,3,12:40,-180,-80,42
11:10,160,2,11:10,-190,-100,-10
11:40,-50,12,11:40,-190,-100,-10
11:10,30,6,11:10,-190,-100,-10
13:30,-150,4,13:30,-176,-90,40
12:00,-160,13,12:00,-204,-100,10
11:10,-60,24,11:10,-190,-100,-10
12:40,-100,9,12:40,-180,-80,42
12:30,-40,7,12:30,-180,-90,20
12:40,-10,3,12:40,-180,-80,42
12:40,170,1,12:40,-180,-80,42
07:10,-360,1,07:10,-130,-60,-30
09:00,-170,15,09:00,-161,-80,-20
08:00,-10,18,08:00,-160,-70,-20
11:50,50,5,11:50,-180,-95,0
12:40,50,3,12:40,-180,-80,42
13:30,-120,9,13:30,-176,-90,40
10:10,-140,30,10:10,-180,-90,-20
12:10,-120,13,12:10,-190,-100,-10
06:30,-70,17,06:30,-110,-50,-20
07:50,-150,15,07:50,-150,-70,-20
12:30,-70,11,12:30,-180,-90,20
14:10,-120,1,14:10,-217,-100,-1
12:30,-170,9,12:30,-180,-90,20
08:50,0,21,08:50,-160,-80,-20
11:40,20,5,11:40,-190,-100,-10
12:00,-110,13,12:00,-204,-100,10
08:50,-220,4,08:50,-160,-80,-20
12:50,-140,6,12:50,-200,-100,20
05:20,-60,1,05:20,-100,-30,-20
12:10,-40,9,12:10,-190,-100,-10
09:40,-180,20,09:40,-170,-90,-20
06:30,-150,1,06:30,-110,-50,-20
12:10,60,2,12:10,-190,-100,-10
06:10,-80,4,06:10,-90,-40,-20
08:10,-380,1,08:10,-150,-80,-20
06:50,-170,4,06:50,-120,-60,-20
13:30,-100,5,13:30,-176,-90,40
10:50,-210,9,10:50,-180,-90,-10
11:00,70,2,11:00,-190,-100,-10
15:30,-80,2,15:30,-123,-90,53
12:40,30,2,12:40,-180,-80,42
13:00,-10,6,13:00,-178,-90,28
12:00,-80,16,12:00,-204,-100,10
10:20,10,9,10:20,-180,-90,-10
13:20,-130,6,13:20,-170,-70,78
09:10,-270,3,09:10,-180,-90,-20
08:20,-300,4,08:20,-165,-80,-20
11:50,-200,5,11:50,-180,-95,0
12:30,-90,10,12:30,-180,-90,20
18:00,-80,1,18:00,-104,-80,72
14:10,-130,3,14:10,-217,-100,-1
06:00,-50,15,06:00,-80,-40,-20
07:10,-10,15,07:10,-130,-60,-30
13:00,-100,12,13:00,-178,-90,28
10:10,-40,46,10:10,-180,-90,-20
13:10,-120,8,13:10,-180,-90,-20
10:40,-180,14,10:40,-180,-100,-24
06:20,-110,1,06:20,-90,-40,-20
07:10,-170,3,07:10,-130,-60,-30
10:10,-300,3,10:10,-180,-90,-20
08:20,-170,22,08:20,-165,-80,-20
07:00,-10,17,07:00,-130,-60,-20
07:30,-50,74,07:30,-140,-70,-20
10:10,60,5,10:10,-180,-90,-20
10:20,180,1,10:20,-180,-90,-10
07:00,-70,47,07:00,-130,-60,-20
14:30,-170,2,14:30,-186,-90,30
11:40,-190,9,11:40,-190,-100,-10
10:30,-230,6,10:30,-181,-90,-10
12:30,-220,2,12:30,-180,-90,20
14:20,-300,1,14:20,-179,-90,30
18:00,-110,1,18:00,-104,-80,72
12:10,-180,6,12:10,-190,-100,-10
10:20,-180,17,10:20,-180,-90,-10
12:30,-200,4,12:30,-180,-90,20
11:20,70,1,11:20,-180,-100,0
07:50,20,5,07:50,-150,-70,-20
09:30,20,7,09:30,-180,-80,-20
10:20,-220,4,10:20,-180,-90,-10
06:10,-30,30,06:10,-90,-40,-20
12:30,-110,13,12:30,-180,-90,20
07:10,-110,24,07:10,-130,-60,-30
09:50,-200,18,09:50,-180,-80,-20
10:00,10,12,10:00,-170,-90,-10
12:20,-240,3,12:20,-200,-100,-10
13:00,-160,10,13:00,-178,-90,28
12:20,60,2,12:20,-200,-100,-10
11:50,-20,8,11:50,-180,-95,0
05:40,-40,13,05:40,-57,-30,-20
15:10,-30,1,15:10,-158,-80,-4
13:10,-160,3,13:10,-180,-90,-20
11:20,90,3,11:20,-180,-100,0
10:20,0,13,10:20,-180,-90,-10
07:30,-10,32,07:30,-140,-70,-20
10:30,10,13,10:30,-181,-90,-10
12:00,-120,15,12:00,-204,-100,10
08:00,-300,2,08:00,-160,-70,-20
05:40,-50,8,05:40,-57,-30,-20
12:40,120,1,12:40,-180,-80,42
07:00,-150,6,07:00,-130,-60,-20
06:00,-130,2,06:00,-80,-40,-20
16:30,-80,1,16:30,-90,-60,160
12:10,-140,17,12:10,-190,-100,-10
07:50,-320,2,07:50,-150,-70,-20
08:00,-230,4,08:00,-160,-70,-20
10:30,30,6,10:30,-181,-90,-10
10:30,20,8,10:30,-181,-90,-10
09:20,-290,2,09:20,-180,-90,-20
09:00,-200,13,09:00,-161,-80,-20
07:20,0,14,07:20,-140,-60,-20
10:20,-200,9,10:20,-180,-90,-10
11:20,-200,10,11:20,-180,-100,0
12:10,-20,7,12:10,-190,-100,-10
11:30,-200,7,11:30,-190,-100,-10
15:20,-40,3,15:20,-138,-90,14
05:40,0,1,05:40,-57,-30,-20
08:30,-160,20,08:30,-160,-80,-20
10:10,0,10,10:10,-180,-90,-20
11:00,-160,18,11:00,-190,-100,-10
06:50,0,5,06:50,-120,-60,-20
08:40,-130,46,08:40,-160,-80,-20
08:50,-210,9,08:50,-160,-80,-20
12:40,-190,2,12:40,-180,-80,42
09:00,-280,3,09:00,-161,-80,-20
08:50,-180,15,08:50,-160,-80,-20
12:00,-130,11,12:00,-204,-100,10
15:10,-110,4,15:10,-158,-80,-4
07:20,-240,3,07:20,-140,-60,-20
12:50,50,3,12:50,-200,-100,20
13:20,-50,7,13:20,-170,-70,78
06:30,-110,7,06:30,-110,-50,-20
12:00,-50,10,12:00,-204,-100,10
11:50,-40,14,11:50,-180,-95,0
13:40,-110,1,13:40,-199,-80,107
11:10,-190,11,11:10,-190,-100,-10
11:20,-120,18,11:20,-180,-100,0
07:20,-120,25,07:20,-140,-60,-20
11:40,-110,16,11:40,-190,-100,-10
07:20,-230,3,07:20,-140,-60,-20
10:10,-190,15,10:10,-180,-90,-20
13:00,-40,4,13:00,-178,-90,28
11:50,10,6,11:50,-180,-95,0
08:50,-170,22,08:50,-160,-80,-20
08:00,10,6,08:00,-160,-70,-20
14:50,-100,2,14:50,-136,-60,82
12:10,-190,9,12:10,-190,-100,-10
10:30,50,3,10:30,-181,-90,-10
12:40,-130,9,12:40,-180,-80,42
08:20,-410,1,08:20,-165,-80,-20
09:30,50,8,09:30,-180,-80,-20
08:50,-280,3,08:50,-160,-80,-20
09:00,80,3,09:00,-161,-80,-20
15:30,-40,1,15:30,-123,-90,53
12:40,-80,9,12:40,-180,-80,42
11:30,130,3,11:30,-190,-100,-10
16:30,-60,2,16:30,-90,-60,160
11:20,-20,13,11:20,-180,-100,0
14:20,-40,3,14:20,-179,-90,30
05:00,-60,1,05:00,-48,-20,-13
07:40,10,9,07:40,-140,-70,-20
09:50,-400,1,09:50,-180,-80,-20
10:40,50,4,10:40,-180,-100,-24
06:10,-570,1,06:10,-90,-40,-20
13:10,20,3,13:10,-180,-90,-20
08:30,-250,1,08:30,-160,-80,-20
10:20,50,2,10:20,-180,-90,-10
12:20,-190,4,12:20,-200,-100,-10
07:20,-180,6,07:20,-140,-60,-20
11:40,-120,20,11:40,-190,-100,-10
06:40,-20,28,06:40,-100,-50,-20
10:40,-150,27,10:40,-180,-100,-24
08:40,10,7,08:40,-160,-80,-20
11:00,-220,4,11:00,-190,-100,-10
07:30,0,9,07:30,-140,-70,-20
16:20,330,1,16:20,-161,-45,113
10:20,-100,30,10:20,-180,-90,-10
12:00,-60,11,12:00,-204,-100,10
09:30,30,9,09:30,-180,-80,-20
10:50,-220,3,10:50,-180,-90,-10
08:50,10,15,08:50,-160,-80,-20
10:40,10,9,10:40,-180,-100,-24
08:20,-250,4,08:20,-165,-80,-20
11:10,-250,4,11:10,-190,-100,-10
07:20,-150,19,07:20,-140,-60,-20
10:40,-70,26,10:40,-180,-100,-24
13:20,-30,3,13:20,-170,-70,78
09:20,100,2,09:20,-180,-90,-20
14:20,160,1,14:20,-179,-90,30
12:00,70,1,12:00,-204,-100,10
09:20,40,3,09:20,-180,-90,-20
09:40,-240,7,09:40,-170,-90,-20
06:00,0,3,06:00,-80,-40,-20
14:20,-130,1,14:20,-179,-90,30
08:40,-270,3,08:40,-160,-80,-20
13:20,-160,6,13:20,-170,-70,78
07:30,30,1,07:30,-140,-70,-20
13:00,-190,5,13:00,-178,-90,28
10:00,-230,9,10:00,-170,-90,-10
07:20,-10,18,07:20,-140,-60,-20
06:50,-20,27,06:50,-120,-60,-20
07:00,-110,13,07:00,-130,-60,-20
10:40,-230,1,10:40,-180,-100,-24
13:20,70,3,13:20,-170,-70,78
13:40,-230,1,13:40,-199,-80,107
11:50,-120,22,11:50,-180,-95,0
10:30,-190,16,10:30,-181,-90,-10
09:30,-260,5,09:30,-180,-80,-20
07:30,-180,8,07:30,-140,-70,-20
10:30,-30,30,10:30,-181,-90,-10
07:00,-170,3,07:00,-130,-60,-20
08:30,-180,11,08:30,-160,-80,-20
12:20,-230,1,12:20,-200,-100,-10
17:40,-10,1,17:40,-10,-10,-10
14:20,0,2,14:20,-179,-90,30
11:00,-10,11,11:00,-190,-100,-10
14:40,60,2,14:40,-210,-50,70
11:00,-170,23,11:00,-190,-100,-10
12:30,-140,6,12:30,-180,-90,20
15:10,-60,4,15:10,-158,-80,-4
07:40,-260,1,07:40,-140,-70,-20
06:00,-10,7,06:00,-80,-40,-20
12:00,-240,7,12:00,-204,-100,10
09:30,-230,7,09:30,-180,-80,-20
13:30,-80,6,13:30,-176,-90,40
13:20,-150,5,13:20,-170,-70,78
13:00,-230,1,13:00,-178,-90,28
09:00,60,3,09:00,-161,-80,-20
10:40,-270,1,10:40,-180,-100,-24
12:40,-360,1,12:40,-180,-80,42
14:20,-220,1,14:20,-179,-90,30
09:00,-220,8,09:00,-161,-80,-20
12:30,0,2,12:30,-180,-90,20
11:50,-60,8,11:50,-180,-95,0
11:50,-10,9,11:50,-180,-95,0
06:00,-60,6,06:00,-80,-40,-20
08:30,-230,7,08:30,-160,-80,-20
06:30,-120,3,06:30,-110,-50,-20
08:30,60,3,08:30,-160,-80,-20
12:50,-40,11,12:50,-200,-100,20
14:20,-70,5,14:20,-179,-90,30
11:40,60,4,11:40,-190,-100,-10
11:30,30,3,11:30,-190,-100,-10
14:20,-120,4,14:20,-179,-90,30
10:30,-240,5,10:30,-181,-90,-10
11:00,110,2,11:00,-190,-100,-10
07:20,-140,17,07:20,-140,-60,-20
11:20,-70,19,11:20,-180,-100,0
12:40,-150,3,12:40,-180,-80,42
14:10,-100,3,14:10,-217,-100,-1
14:10,0,3,14:10,-217,-100,-1
06:10,-10,9,06:10,-90,-40,-20
20:10,-160,2,20:10,-160,-160,392
11:00,-200,9,11:00,-190,-100,-10
08:50,-250,1,08:50,-160,-80,-20
09:20,-220,13,09:20,-180,-90,-20
07:40,-250,4,07:40,-140,-70,-20
14:10,100,1,14:10,-217,-100,-1
11:00,-240,4,11:00,-190,-100,-10
09:40,20,7,09:40,-170,-90,-20
14:20,-90,5,14:20,-179,-90,30
13:50,-250,1,13:50,-190,-100,56
10:30,-250,4,10:30,-181,-90,-10
14:00,-80,2,14:00,-210,-105,20
10:30,-360,2,10:30,-181,-90,-10
12:20,-320,1,12:20,-200,-100,-10
13:50,-100,5,13:50,-190,-100,56
13:50,-120,5,13:50,-190,-100,56
12:00,260,1,12:00,-204,-100,10
07:40,50,1,07:40,-140,-70,-20
13:00,-170,2,13:00,-178,-90,28
11:00,-250,2,11:00,-190,-100,-10
09:30,140,1,09:30,-180,-80,-20
15:00,-60,3,15:00,-130,-55,77
08:20,0,12,08:20,-165,-80,-20
12:20,-210,3,12:20,-200,-100,-10
12:40,-160,6,12:40,-180,-80,42
13:00,-70,2,13:00,-178,-90,28
13:40,-80,5,13:40,-199,-80,107
09:30,-200,12,09:30,-180,-80,-20
05:30,-40,4,05:30,-58,-30,-10
10:20,-210,9,10:20,-180,-90,-10
09:50,30,6,09:50,-180,-80,-20
06:50,-160,5,06:50,-120,-60,-20
12:10,-280,1,12:10,-190,-100,-10
10:10,120,1,10:10,-180,-90,-20
14:10,190,1,14:10,-217,-100,-1
14:00,20,2,14:00,-210,-105,20
10:10,-350,1,10:10,-180,-90,-20
09:30,-280,3,09:30,-180,-80,-20
13:30,-140,9,13:30,-176,-90,40
13:20,30,1,13:20,-170,-70,78
08:50,-200,12,08:50,-160,-80,-20
09:40,-220,8,09:40,-170,-90,-20
13:50,-130,7,13:50,-190,-100,56
05:30,-60,1,05:30,-58,-30,-10
10:20,-240,5,10:20,-180,-90,-10
08:20,-320,3,08:20,-165,-80,-20
16:40,-70,1,16:40,-184,-100,105
11:30,-220,6,11:30,-190,-100,-10
13:40,-200,2,13:40,-199,-80,107
13:10,-40,6,13:10,-180,-90,-20
10:30,-200,10,10:30,-181,-90,-10
11:20,110,1,11:20,-180,-100,0
15:10,-120,2,15:10,-158,-80,-4
12:20,-130,8,12:20,-200,-100,-10
09:20,-200,11,09:20,-180,-90,-20
14:50,-60,2,14:50,-136,-60,82
15:10,-20,1,15:10,-158,-80,-4
07:40,-380,1,07:40,-140,-70,-20
09:20,-240,6,09:20,-180,-90,-20
14:50,110,1,14:50,-136,-60,82
10:00,-280,2,10:00,-170,-90,-10
17:50,40,1,17:50,48,80,104
12:20,-270,2,12:20,-200,-100,-10
10:30,-210,5,10:30,-181,-90,-10
17:10,40,1,17:10,-43,30,75
11:40,-150,15,11:40,-190,-100,-10
08:30,20,11,08:30,-160,-80,-20
14:40,-250,2,14:40,-210,-50,70
14:10,130,1,14:10,-217,-100,-1
15:20,-120,2,15:20,-138,-90,14
12:00,-190,4,12:00,-204,-100,10
15:00,130,1,15:00,-130,-55,77
12:10,-80,6,12:10,-190,-100,-10
09:50,-220,5,09:50,-180,-80,-20
07:40,30,1,07:40,-140,-70,-20
11:10,-390,1,11:10,-190,-100,-10
12:00,110,1,12:00,-204,-100,10
13:40,-150,2,13:40,-199,-80,107
08:20,-260,1,08:20,-165,-80,-20
11:20,150,1,11:20,-180,-100,0
08:30,50,3,08:30,-160,-80,-20
13:50,-180,2,13:50,-190,-100,56
09:10,30,6,09:10,-180,-90,-20
10:00,160,1,10:00,-170,-90,-10
09:20,-210,14,09:20,-180,-90,-20
06:50,-140,6,06:50,-120,-60,-20
14:10,-90,3,14:10,-217,-100,-1
13:30,-70,4,13:30,-176,-90,40
09:40,120,1,09:40,-170,-90,-20
11:00,-260,2,11:00,-190,-100,-10
07:40,60,1,07:40,-140,-70,-20
10:00,-250,6,10:00,-170,-90,-10
12:50,-100,8,12:50,-200,-100,20
14:00,-50,2,14:00,-210,-105,20
07:20,-280,1,07:20,-140,-60,-20
14:30,-190,3,14:30,-186,-90,30
17:20,-130,1,17:20,-58,140,184
07:10,30,1,07:10,-130,-60,-30
13:00,70,2,13:00,-178,-90,28
11:50,-270,2,11:50,-180,-95,0
11:30,180,1,11:30,-190,-100,-10
06:50,-190,2,06:50,-120,-60,-20
07:00,-180,2,07:00,-130,-60,-20
13:40,-140,3,13:40,-199,-80,107
14:10,-30,1,14:10,-217,-100,-1
09:50,-340,1,09:50,-180,-80,-20
10:20,-230,4,10:20,-180,-90,-10
14:10,-60,4,14:10,-217,-100,-1
11:50,110,1,11:50,-180,-95,0
12:30,-270,2,12:30,-180,-90,20
10:50,170,1,10:50,-180,-90,-10
13:50,-280,1,13:50,-190,-100,56
13:00,-150,6,13:00,-178,-90,28
10:10,-200,6,10:10,-180,-90,-20
06:30,-180,1,06:30,-110,-50,-20
13:00,-50,5,13:00,-178,-90,28
11:10,-240,4,11:10,-190,-100,-10
13:30,170,1,13:30,-176,-90,40
10:30,-970,1,10:30,-181,-90,-10
06:20,-10,7,06:20,-90,-40,-20
13:40,250,1,13:40,-199,-80,107
12:00,-370,1,12:00,-204,-100,10
13:10,-80,9,13:10,-180,-90,-20
14:30,-210,1,14:30,-186,-90,30
09:10,-260,3,09:10,-180,-90,-20
13:40,-290,1,13:40,-199,-80,107
09:50,-230,9,09:50,-180,-80,-20
08:30,-270,1,08:30,-160,-80,-20
13:50,50,1,13:50,-190,-100,56
11:10,-180,12,11:10,-190,-100,-10
11:00,120,1,11:00,-190,-100,-10
08:10,-200,6,08:10,-150,-80,-20
09:30,-580,1,09:30,-180,-80,-20
13:20,-250,1,13:20,-170,-70,78
13:50,-150,4,13:50,-190,-100,56
10:10,-230,4,10:10,-180,-90,-20
11:40,50,2,11:40,-190,-100,-10
07:50,-310,2,07:50,-150,-70,-20
08:10,40,1,08:10,-150,-80,-20
06:20,-310,1,06:20,-90,-40,-20
13:20,-10,2,13:20,-170,-70,78
13:10,-260,2,13:10,-180,-90,-20
13:40,-220,2,13:40,-199,-80,107
06:30,-130,3,06:30,-110,-50,-20
10:40,-210,7,10:40,-180,-100,-24
08:10,-260,4,08:10,-150,-80,-20
08:10,-390,1,08:10,-150,-80,-20
14:40,0,2,14:40,-210,-50,70
11:30,0,7,11:30,-190,-100,-10
08:20,-340,1,08:20,-165,-80,-20
13:50,-140,2,13:50,-190,-100,56
16:40,-30,1,16:40,-184,-100,105
08:40,20,8,08:40,-160,-80,-20
09:40,60,3,09:40,-170,-90,-20
13:50,-30,4,13:50,-190,-100,56
11:00,-320,1,11:00,-190,-100,-10
11:00,-290,3,11:00,-190,-100,-10
08:20,100,1,08:20,-165,-80,-20
08:40,-350,1,08:40,-160,-80,-20
15:00,-180,1,15:00,-130,-55,77
10:30,-300,2,10:30,-181,-90,-10
09:40,10,6,09:40,-170,-90,-20
13:30,20,1,13:30,-176,-90,40
09:40,-190,13,09:40,-170,-90,-20
15:40,-110,1,15:40,-188,-105,9
12:40,-30,10,12:40,-180,-80,42
14:30,-80,2,14:30,-186,-90,30
07:40,-230,4,07:40,-140,-70,-20
10:50,20,6,10:50,-180,-90,-10
07:00,0,3,07:00,-130,-60,-20
14:40,-30,4,14:40,-210,-50,70
11:30,-240,3,11:30,-190,-100,-10
07:50,-220,3,07:50,-150,-70,-20
13:10,-200,2,13:10,-180,-90,-20
10:00,-290,1,10:00,-170,-90,-10
15:10,250,1,15:10,-158,-80,-4
08:00,-360,1,08:00,-160,-70,-20
12:20,90,1,12:20,-200,-100,-10
07:50,-260,1,07:50,-150,-70,-20
08:50,-440,1,08:50,-160,-80,-20
14:10,-110,6,14:10,-217,-100,-1
12:40,-210,2,12:40,-180,-80,42
13:00,-60,7,13:00,-178,-90,28
12:00,-100,10,12:00,-204,-100,10
06:40,-210,1,06:40,-100,-50,-20
16:10,20,1,16:10,-29,10,373
15:10,-50,1,15:10,-158,-80,-4
09:10,50,3,09:10,-180,-90,-20
17:00,-20,1,17:00,-108,-20,360
08:00,-270,2,08:00,-160,-70,-20
14:30,-470,1,14:30,-186,-90,30
12:50,280,1,12:50,-200,-100,20
09:40,30,4,09:40,-170,-90,-20
07:20,-160,3,07:20,-140,-60,-20
10:00,80,2,10:00,-170,-90,-10
15:20,-210,1,15:20,-138,-90,14
07:40,-290,1,07:40,-140,-70,-20
13:30,-170,5,13:30,-176,-90,40
08:40,30,4,08:40,-160,-80,-20
11:50,-240,1,11:50,-180,-95,0
15:50,70,1,15:50,-170,60,278
10:50,-230,2,10:50,-180,-90,-10
13:20,80,1,13:20,-170,-70,78
15:00,110,1,15:00,-130,-55,77
16:10,-10,1,16:10,-29,10,373
16:10,400,1,16:10,-29,10,373
12:20,-260,2,12:20,-200,-100,-10
11:00,-180,15,11:00,-190,-100,-10
13:50,150,1,13:50,-190,-100,56
11:30,-210,9,11:30,-190,-100,-10
07:40,-210,3,07:40,-140,-70,-20
08:50,-310,2,08:50,-160,-80,-20
11:40,-210,8,11:40,-190,-100,-10
13:30,300,1,13:30,-176,-90,40
13:40,220,1,13:40,-199,-80,107
17:00,-80,1,17:00,-108,-20,360
09:20,-550,1,09:20,-180,-90,-20
14:20,-210,1,14:20,-179,-90,30
11:10,-280,3,11:10,-190,-100,-10
11:40,-220,3,11:40,-190,-100,-10
06:50,-480,1,06:50,-120,-60,-20
09:10,60,4,09:10,-180,-90,-20
06:40,-130,2,06:40,-100,-50,-20
10:20,-300,1,10:20,-180,-90,-10
16:20,-30,2,16:20,-161,-45,113
15:10,-80,2,15:10,-158,-80,-4
06:50,-110,8,06:50,-120,-60,-20
13:40,-40,3,13:40,-199,-80,107
13:40,-310,1,13:40,-199,-80,107
14:10,-180,2,14:10,-217,-100,-1
06:40,-160,2,06:40,-100,-50,-20
10:50,80,2,10:50,-180,-90,-10
11:20,80,1,11:20,-180,-100,0
10:50,-240,3,10:50,-180,-90,-10
06:00,-160,1,06:00,-80,-40,-20
11:00,130,3,11:00,-190,-100,-10
10:10,-260,2,10:10,-180,-90,-20
14:50,-90,3,14:50,-136,-60,82
15:50,-80,1,15:50,-170,60,278
13:40,-160,3,13:40,-199,-80,107
11:10,-380,1,11:10,-190,-100,-10
14:40,-110,1,14:40,-210,-50,70
15:10,-40,1,15:10,-158,-80,-4
12:20,110,1,12:20,-200,-100,-10
16:00,-90,1,16:00,-130,-85,266
16:50,-180,1,16:50,-136,-70,-60
14:40,230,1,14:40,-210,-50,70
15:20,-90,2,15:20,-138,-90,14
12:00,30,2,12:00,-204,-100,10
12:20,150,2,12:20,-200,-100,-10
14:00,80,1,14:00,-210,-105,20
11:30,-250,1,11:30,-190,-100,-10
14:30,-140,2,14:30,-186,-90,30
10:00,-180,11,10:00,-170,-90,-10
12:40,320,1,12:40,-180,-80,42
15:30,50,1,15:30,-123,-90,53
15:50,270,1,15:50,-170,60,278
12:30,30,2,12:30,-180,-90,20
13:00,-180,3,13:00,-178,-90,28
15:40,50,1,15:40,-188,-105,9
14:10,-220,2,14:10,-217,-100,-1
05:50,-110,1,05:50,-72,-30,-18
11:10,120,1,11:10,-190,-100,-10
11:40,230,1,11:40,-190,-100,-10
11:00,-300,1,11:00,-190,-100,-10
10:40,-290,1,10:40,-180,-100,-24
11:10,100,2,11:10,-190,-100,-10
13:40,80,1,13:40,-199,-80,107
11:10,-450,1,11:10,-190,-100,-10
08:20,-430,1,08:20,-165,-80,-20
12:50,-260,2,12:50,-200,-100,20
13:20,10,1,13:20,-170,-70,78
08:00,30,3,08:00,-160,-70,-20
10:50,130,1,10:50,-180,-90,-10
09:40,80,1,09:40,-170,-90,-20
13:50,-10,2,13:50,-190,-100,56
14:00,-90,3,14:00,-210,-105,20
05:40,-110,1,05:40,-57,-30,-20
10:30,-280,2,10:30,-181,-90,-10
14:30,-40,3,14:30,-186,-90,30
12:10,-250,1,12:10,-190,-100,-10
09:20,-270,3,09:20,-180,-90,-20
14:10,-190,1,14:10,-217,-100,-1
09:10,-420,1,09:10,-180,-90,-20
09:40,70,2,09:40,-170,-90,-20
07:20,-200,2,07:20,-140,-60,-20
13:00,250,1,13:00,-178,-90,28
13:30,-240,1,13:30,-176,-90,40
09:40,110,1,09:40,-170,-90,-20
15:50,-260,1,15:50,-170,60,278
11:50,140,1,11:50,-180,-95,0
14:30,-60,1,14:30,-186,-90,30
10:00,40,2,10:00,-170,-90,-10
07:00,-210,1,07:00,-130,-60,-20
14:40,-70,3,14:40,-210,-50,70
13:20,-280,1,13:20,-170,-70,78
15:40,-130,1,15:40,-188,-105,9
08:10,-470,1,08:10,-150,-80,-20
14:40,-140,1,14:40,-210,-50,70
16:10,380,1,16:10,-29,10,373
08:50,50,2,08:50,-160,-80,-20
13:20,110,1,13:20,-170,-70,78
08:10,-290,3,08:10,-150,-80,-20
12:50,-210,2,12:50,-200,-100,20
10:10,-320,2,10:10,-180,-90,-20
14:50,-40,1,14:50,-136,-60,82
13:20,-210,3,13:20,-170,-70,78
20:10,530,1,20:10,-160,-160,392
10:40,-400,1,10:40,-180,-100,-24
16:10,310,2,16:10,-29,10,373
14:40,-50,3,14:40,-210,-50,70
16:00,210,1,16:00,-130,-85,266
13:20,230,1,13:20,-170,-70,78
17:20,190,1,17:20,-58,140,184
08:20,-360,1,08:20,-165,-80,-20
11:10,-260,2,11:10,-190,-100,-10
08:50,40,2,08:50,-160,-80,-20
14:40,-170,1,14:40,-210,-50,70
13:10,-290,1,13:10,-180,-90,-20
12:10,20,3,12:10,-190,-100,-10
07:30,10,3,07:30,-140,-70,-20
17:50,80,1,17:50,48,80,104
14:00,250,1,14:00,-210,-105,20
13:50,30,1,13:50,-190,-100,56
16:50,-60,2,16:50,-136,-70,-60
16:20,20,1,16:20,-161,-45,113
06:40,-190,1,06:40,-100,-50,-20
13:30,280,1,13:30,-176,-90,40
09:50,-490,1,09:50,-180,-80,-20
13:00,200,1,13:00,-178,-90,28
08:50,-360,1,08:50,-160,-80,-20
12:50,-10,2,12:50,-200,-100,20
08:10,-270,2,08:10,-150,-80,-20
14:40,-260,1,14:40,-210,-50,70
11:30,-290,2,11:30,-190,-100,-10
16:00,-80,1,16:00,-130,-85,266
13:10,50,1,13:10,-180,-90,-20
15:00,-100,1,15:00,-130,-55,77
12:40,-240,1,12:40,-180,-80,42
08:10,-240,2,08:10,-150,-80,-20
12:20,-310,1,12:20,-200,-100,-10
06:30,-140,4,06:30,-110,-50,-20
07:50,60,1,07:50,-150,-70,-20
13:40,150,1,13:40,-199,-80,107
10:10,30,3,10:10,-180,-90,-20
10:20,80,1,10:20,-180,-90,-10
06:10,-140,1,06:10,-90,-40,-20
08:20,-330,1,08:20,-165,-80,-20
05:30,0,2,05:30,-58,-30,-10
11:30,-280,1,11:30,-190,-100,-10
07:10,-200,1,07:10,-130,-60,-30
07:40,-460,1,07:40,-140,-70,-20
09:00,150,1,09:00,-161,-80,-20
13:20,240,1,13:20,-170,-70,78
07:30,-440,1,07:30,-140,-70,-20
12:20,-10,3,12:20,-200,-100,-10
10:40,-340,1,10:40,-180,-100,-24
10:10,70,1,10:10,-180,-90,-20
12:00,-400,1,12:00,-204,-100,10
14:40,-120,1,14:40,-210,-50,70
10:50,10,5,10:50,-180,-90,-10
12:50,360,1,12:50,-200,-100,20
07:20,-300,2,07:20,-140,-60,-20
07:30,-200,3,07:30,-140,-70,-20
11:40,290,1,11:40,-190,-100,-10
14:40,-290,1,14:40,-210,-50,70
08:10,70,2,08:10,-150,-80,-20
11:30,-300,1,11:30,-190,-100,-10
09:10,40,2,09:10,-180,-90,-20
12:40,250,1,12:40,-180,-80,42
15:30,-100,1,15:30,-123,-90,53
13:10,30,1,13:10,-180,-90,-20
12:30,90,1,12:30,-180,-90,20
12:20,260,1,12:20,-200,-100,-10
09:40,-480,1,09:40,-170,-90,-20
12:50,-190,2,12:50,-200,-100,20
14:00,-10,2,14:00,-210,-105,20
06:10,-160,1,06:10,-90,-40,-20
12:30,-10,3,12:30,-180,-90,20
13:20,-190,1,13:20,-170,-70,78
08:00,-290,1,08:00,-160,-70,-20
17:10,20,1,17:10,-43,30,75
11:40,70,1,11:40,-190,-100,-10
17:10,-70,1,17:10,-43,30,75
14:30,-10,3,14:30,-186,-90,30
14:40,-10,2,14:40,-210,-50,70
15:40,-70,2,15:40,-188,-105,9
13:40,110,2,13:40,-199,-80,107
15:40,-40,1,15:40,-188,-105,9
06:50,-210,1,06:50,-120,-60,-20
14:20,-200,1,14:20,-179,-90,30
13:00,0,2,13:00,-178,-90,28
06:20,-100,2,06:20,-90,-40,-20
12:20,-160,2,12:20,-200,-100,-10
04:50,-10,2,04:50,-22,-20,-10
12:50,-240,1,12:50,-200,-100,20
08:00,-370,1,08:00,-160,-70,-20
14:40,-150,2,14:40,-210,-50,70
13:20,-200,2,13:20,-170,-70,78
06:10,-90,4,06:10,-90,-40,-20
10:20,-290,3,10:20,-180,-90,-10
09:20,-280,2,09:20,-180,-90,-20
13:10,-180,3,13:10,-180,-90,-20
15:50,-40,1,15:50,-170,60,278
13:20,350,1,13:20,-170,-70,78
08:10,50,1,08:10,-150,-80,-20
05:20,-100,2,05:20,-100,-30,-20
13:00,20,3,13:00,-178,-90,28
11:50,-330,1,11:50,-180,-95,0
09:40,-310,2,09:40,-170,-90,-20
07:30,-420,1,07:30,-140,-70,-20
12:40,20,1,12:40,-180,-80,42
08:30,-350,2,08:30,-160,-80,-20
06:50,-270,1,06:50,-120,-60,-20
13:50,-80,2,13:50,-190,-100,56
13:20,170,1,13:20,-170,-70,78
05:20,-40,1,05:20,-100,-30,-20
15:00,30,1,15:00,-130,-55,77
13:30,-220,2,13:30,-176,-90,40
15:20,-290,1,15:20,-138,-90,14
11:20,-410,1,11:20,-180,-100,0
05:10,-30,2,05:10,-30,-10,-10
15:10,-90,3,15:10,-158,-80,-4
21:00,450,1,21:00,450,450,450
14:10,-230,2,14:10,-217,-100,-1
09:50,-300,1,09:50,-180,-80,-20
18:50,80,1,18:50,-96,80,360
18:20,190,1,18:20,190,190,190
07:10,20,3,07:10,-130,-60,-30
13:20,0,2,13:20,-170,-70,78
10:20,-270,2,10:20,-180,-90,-10
08:10,-230,1,08:10,-150,-80,-20
13:40,10,3,13:40,-199,-80,107
12:40,230,1,12:40,-180,-80,42
09:50,60,1,09:50,-180,-80,-20
12:00,200,1,12:00,-204,-100,10
07:00,-240,1,07:00,-130,-60,-20
09:50,-450,1,09:50,-180,-80,-20
08:20,70,2,08:20,-165,-80,-20
15:50,-210,1,15:50,-170,60,278
14:20,70,1,14:20,-179,-90,30
14:00,-60,4,14:00,-210,-105,20
07:50,-230,1,07:50,-150,-70,-20
13:50,-450,1,13:50,-190,-100,56
09:50,80,2,09:50,-180,-80,-20
15:30,60,1,15:30,-123,-90,53
17:50,110,1,17:50,48,80,104
13:20,-400,1,13:20,-170,-70,78
08:50,-270,3,08:50,-160,-80,-20
10:40,100,1,10:40,-180,-100,-24
15:40,0,1,15:40,-188,-105,9
11:50,100,3,11:50,-180,-95,0
15:30,250,1,15:30,-123,-90,53
05:40,-60,1,05:40,-57,-30,-20
14:00,-120,2,14:00,-210,-105,20
15:50,380,1,15:50,-170,60,278
09:00,-390,1,09:00,-161,-80,-20
05:30,-70,1,05:30,-58,-30,-10
12:50,-80,3,12:50,-200,-100,20
08:00,-250,2,08:00,-160,-70,-20
16:30,-100,1,16:30,-90,-60,160
06:10,0,1,06:10,-90,-40,-20
07:50,40,1,07:50,-150,-70,-20
10:00,-300,2,10:00,-170,-90,-10
08:00,80,1,08:00,-160,-70,-20
06:00,-100,1,06:00,-80,-40,-20
13:40,300,1,13:40,-199,-80,107
08:10,-310,1,08:10,-150,-80,-20
13:20,100,1,13:20,-170,-70,78
11:30,110,1,11:30,-190,-100,-10
07:00,-190,2,07:00,-130,-60,-20
12:40,100,1,12:40,-180,-80,42
15:30,-130,1,15:30,-123,-90,53
10:50,200,1,10:50,-180,-90,-10
11:50,40,1,11:50,-180,-95,0
05:30,-50,3,05:30,-58,-30,-10
09:50,-510,1,09:50,-180,-80,-20
14:40,10,1,14:40,-210,-50,70
11:00,190,1,11:00,-190,-100,-10
12:50,-270,1,12:50,-200,-100,20
10:30,-270,1,10:30,-181,-90,-10
11:50,-450,1,11:50,-180,-95,0
14:00,-240,1,14:00,-210,-105,20
16:00,-160,1,16:00,-130,-85,266
08:50,-390,1,08:50,-160,-80,-20
08:30,-260,1,08:30,-160,-80,-20
04:50,-30,1,04:50,-22,-20,-10
16:10,-20,1,16:10,-29,10,373
13:50,-210,1,13:50,-190,-100,56
15:20,400,1,15:20,-138,-90,14
13:00,90,1,13:00,-178,-90,28
07:00,-320,1,07:00,-130,-60,-20
15:20,20,1,15:20,-138,-90,14
08:20,40,1,08:20,-165,-80,-20
15:40,-190,1,15:40,-188,-105,9
08:20,50,1,08:20,-165,-80,-20
10:20,-280,1,10:20,-180,-90,-10
10:10,50,1,10:10,-180,-90,-20
15:40,-250,1,15:40,-188,-105,9
06:00,-110,1,06:00,-80,-40,-20
14:30,-160,2,14:30,-186,-90,30
13:30,50,1,13:30,-176,-90,40
15:50,-160,1,15:50,-170,60,278
07:10,-220,3,07:10,-130,-60,-30
08:40,-440,1,08:40,-160,-80,-20
07:00,-230,1,07:00,-130,-60,-20
17:10,90,1,17:10,-43,30,75
07:00,30,1,07:00,-130,-60,-20
05:40,-80,1,05:40,-57,-30,-20
13:00,180,1,13:00,-178,-90,28
13:00,-220,1,13:00,-178,-90,28
10:20,60,2,10:20,-180,-90,-10
11:10,60,1,11:10,-190,-100,-10
14:40,120,1,14:40,-210,-50,70
08:00,-400,1,08:00,-160,-70,-20
12:20,20,1,12:20,-200,-100,-10
13:50,140,1,13:50,-190,-100,56
06:40,-280,1,06:40,-100,-50,-20
12:10,30,1,12:10,-190,-100,-10
07:10,-250,1,07:10,-130,-60,-30
15:30,-200,1,15:30,-123,-90,53
07:40,-660,1,07:40,-140,-70,-20
14:20,-60,1,14:20,-179,-90,30
13:00,100,1,13:00,-178,-90,28
16:20,-110,1,16:20,-161,-45,113
13:00,-340,1,13:00,-178,-90,28
13:00,-250,1,13:00,-178,-90,28
16:00,-110,2,16:00,-130,-85,266
12:50,-330,1,12:50,-200,-100,20
06:40,-250,1,06:40,-100,-50,-20
15:00,80,1,15:00,-130,-55,77
13:40,0,1,13:40,-199,-80,107
12:40,80,1,12:40,-180,-80,42
13:30,220,1,13:30,-176,-90,40
18:50,-140,1,18:50,-96,80,360
13:50,-170,1,13:50,-190,-100,56
15:30,-60,1,15:30,-123,-90,53
09:10,-390,1,09:10,-180,-90,-20
16:40,-50,1,16:40,-184,-100,105
13:10,-250,1,13:10,-180,-90,-20
14:40,-160,1,14:40,-210,-50,70
10:30,-290,1,10:30,-181,-90,-10
